time,load_shortfall_3h
2018/01/01 00:00,9767.82963
2018/01/01 03:00,1596.011111
2018/01/01 06:00,1473.2
2018/01/01 09:00,3053.059259
2018/01/01 12:00,4087.212963
2018/01/01 15:00,3249.098148
2018/01/01 18:00,5274.305556
2018/01/01 21:00,5912.205556
2018/01/02 00:00,8554.355556
2018/01/02 03:00,4894.3
2018/01/02 06:00,3989.82963
2018/01/02 09:00,9362.174074
2018/01/02 12:00,11241.90556
2018/01/02 15:00,11555.19444
2018/01/02 18:00,12471.59074
2018/01/02 21:00,12415.19444
2018/01/03 00:00,9429.133333
2018/01/03 03:00,2963.448148
2018/01/03 06:00,2248.714815
2018/01/03 09:00,4122.42963
2018/01/03 12:00,4045.240741
2018/01/03 15:00,3774.477778
2018/01/03 18:00,3327.618519
2018/01/03 21:00,3064.040741
2018/01/04 00:00,8829.314815
2018/01/04 03:00,3183.092593
2018/01/04 06:00,2467.096296
2018/01/04 09:00,4739.818519
2018/01/04 12:00,4473.303704
2018/01/04 15:00,3215.1
2018/01/04 18:00,2835.333333
2018/01/04 21:00,3397.77037
2018/01/05 00:00,7261.17037
2018/01/05 03:00,3722.225926
2018/01/05 06:00,2519.907407
2018/01/05 09:00,2343.692593
2018/01/05 12:00,4427.088889
2018/01/05 15:00,5215.707407
2018/01/05 18:00,3598.014815
2018/01/05 21:00,4986.944444
2018/01/06 00:00,9316.337037
2018/01/06 03:00,9493.625926
2018/01/06 06:00,9074.437037
2018/01/06 09:00,11098.71481
2018/01/06 12:00,9061.596296
2018/01/06 15:00,9237.418519
2018/01/06 18:00,9547.985185
2018/01/06 21:00,9186.155556
2018/01/07 00:00,10443.22222
2018/01/07 03:00,9140.851852
2018/01/07 06:00,8627.47037
2018/01/07 09:00,10316.13704
2018/01/07 12:00,9017
2018/01/07 15:00,8959.611111
2018/01/07 18:00,10565.16296
2018/01/07 21:00,11237.01111
2018/01/08 00:00,11334.5963
2018/01/08 03:00,9508.922222
2018/01/08 06:00,9238.125926
2018/01/08 09:00,9711.544444
2018/01/08 12:00,9508.47037
2018/01/08 15:00,9537.077778
2018/01/08 18:00,10591.03704
2018/01/08 21:00,10880.27037
2018/01/09 00:00,12589.06667
2018/01/09 03:00,9043.848148
2018/01/09 06:00,10734.95926
2018/01/09 09:00,13569.22963
2018/01/09 12:00,14711.97407
2018/01/09 15:00,12593.42222
2018/01/09 18:00,13016.81111
2018/01/09 21:00,13133.22222
2018/01/10 00:00,14350.08889
2018/01/10 03:00,10716.04444
2018/01/10 06:00,9153.614815
2018/01/10 09:00,13407.37778
2018/01/10 12:00,14453.82593
2018/01/10 15:00,14715.11481
2018/01/10 18:00,14422.57037
2018/01/10 21:00,15281.9963
2018/01/11 00:00,13416.43333
2018/01/11 03:00,12228.83704
2018/01/11 06:00,11894.77037
2018/01/11 09:00,13575.42963
2018/01/11 12:00,11941.67778
2018/01/11 15:00,12866.12963
2018/01/11 18:00,12813.2037
2018/01/11 21:00,11921.87407
2018/01/12 00:00,15509.36667
2018/01/12 03:00,12164.7963
2018/01/12 06:00,10854.5963
2018/01/12 09:00,15512.12222
2018/01/12 12:00,14799.67037
2018/01/12 15:00,16831.78889
2018/01/12 18:00,18727.88148
2018/01/12 21:00,19275.53333
2018/01/13 00:00,14853.07778
2018/01/13 03:00,6033.17037
2018/01/13 06:00,5230.148148
2018/01/13 09:00,9998.251852
2018/01/13 12:00,10257.4963
2018/01/13 15:00,13746.55185
2018/01/13 18:00,14576.66296
2018/01/13 21:00,11532.41111
2018/01/14 00:00,13195.93704
2018/01/14 03:00,5539.566667
2018/01/14 06:00,5366.762963
2018/01/14 09:00,11016.66667
2018/01/14 12:00,13293.77407
2018/01/14 15:00,12025.14074
2018/01/14 18:00,12835.08519
2018/01/14 21:00,14490.72222
2018/01/15 00:00,13548.10741
2018/01/15 03:00,6275.711111
2018/01/15 06:00,4639.992593
2018/01/15 09:00,8491.37037
2018/01/15 12:00,8865.788889
2018/01/15 15:00,7853.588889
2018/01/15 18:00,9430.133333
2018/01/15 21:00,9805.277778
2018/01/16 00:00,11767.20741
2018/01/16 03:00,5816.485185
2018/01/16 06:00,2651.759259
2018/01/16 09:00,8380.925926
2018/01/16 12:00,8440.292593
2018/01/16 15:00,7299.781481
2018/01/16 18:00,9549.618519
2018/01/16 21:00,9558.859259
2018/01/17 00:00,9914.807407
2018/01/17 03:00,4541.7
2018/01/17 06:00,3114.848148
2018/01/17 09:00,9410.474074
2018/01/17 12:00,9349.62963
2018/01/17 15:00,7816.822222
2018/01/17 18:00,7687.092593
2018/01/17 21:00,11321.81852
2018/01/18 00:00,12673.77778
2018/01/18 03:00,5847.777778
2018/01/18 06:00,3526.281481
2018/01/18 09:00,7632.077778
2018/01/18 12:00,8678.340741
2018/01/18 15:00,11028.16667
2018/01/18 18:00,11875.89259
2018/01/18 21:00,12386.65556
2018/01/19 00:00,13866.73333
2018/01/19 03:00,6678.166667
2018/01/19 06:00,5203.77037
2018/01/19 09:00,10981.67407
2018/01/19 12:00,12222.41111
2018/01/19 15:00,11569.55926
2018/01/19 18:00,12755.97407
2018/01/19 21:00,13266.97037
2018/01/20 00:00,13488.12222
2018/01/20 03:00,7286.525926
2018/01/20 06:00,4869.37037
2018/01/20 09:00,10380.62222
2018/01/20 12:00,9739.444444
2018/01/20 15:00,7809.314815
2018/01/20 18:00,8201.351852
2018/01/20 21:00,10175.61852
2018/01/21 00:00,11225.28148
2018/01/21 03:00,6796.333333
2018/01/21 06:00,6243.055556
2018/01/21 09:00,11345.35556
2018/01/21 12:00,11018.91111
2018/01/21 15:00,7757.959259
2018/01/21 18:00,9436.240741
2018/01/21 21:00,11860.27037
2018/01/22 00:00,12676.92593
2018/01/22 03:00,8155.207407
2018/01/22 06:00,5302.440741
2018/01/22 09:00,10119.58519
2018/01/22 12:00,9827.977778
2018/01/22 15:00,10697.07037
2018/01/22 18:00,12262.62963
2018/01/22 21:00,12937.22222
2018/01/23 00:00,13907.61481
2018/01/23 03:00,7424.162963
2018/01/23 06:00,4563.17037
2018/01/23 09:00,10775.95926
2018/01/23 12:00,11088.52963
2018/01/23 15:00,10370.65185
2018/01/23 18:00,11914.25185
2018/01/23 21:00,11708.13333
2018/01/24 00:00,12569.47037
2018/01/24 03:00,7565.022222
2018/01/24 06:00,5455.388889
2018/01/24 09:00,9521.47037
2018/01/24 12:00,10405.98889
2018/01/24 15:00,9776.544444
2018/01/24 18:00,9698.974074
2018/01/24 21:00,10942.18148
2018/01/25 00:00,15221.61852
2018/01/25 03:00,9273.17037
2018/01/25 06:00,8523.088889
2018/01/25 09:00,14335.20741
2018/01/25 12:00,13109.21852
2018/01/25 15:00,12045.12593
2018/01/25 18:00,12630.94074
2018/01/25 21:00,12336.94444
2018/01/26 00:00,13513.75185
2018/01/26 03:00,5532.459259
2018/01/26 06:00,3967.703704
2018/01/26 09:00,8646.5
2018/01/26 12:00,8941.47037
2018/01/26 15:00,7906.596296
2018/01/26 18:00,5650.825926
2018/01/26 21:00,8011.711111
2018/01/27 00:00,11519.21481
2018/01/27 03:00,5357.3
2018/01/27 06:00,4255.385185
2018/01/27 09:00,9254.288889
2018/01/27 12:00,7356.051852
2018/01/27 15:00,5757.507407
2018/01/27 18:00,8319.314815
2018/01/27 21:00,8388.574074
2018/01/28 00:00,11204.38519
2018/01/28 03:00,6006.914815
2018/01/28 06:00,4656.440741
2018/01/28 09:00,8479.418519
2018/01/28 12:00,7816.314815
2018/01/28 15:00,7818.22963
2018/01/28 18:00,8380.874074
2018/01/28 21:00,8642.888889
2018/01/29 00:00,12534.04815
2018/01/29 03:00,6852.232407
2018/01/29 06:00,5124.374074
2018/01/29 09:00,9062.618519
2018/01/29 12:00,6296.533333
2018/01/29 15:00,8283.359259
2018/01/29 18:00,10563.43333
2018/01/29 21:00,11739.0963
2018/01/30 00:00,12901.88889
2018/01/30 03:00,7511.285185
2018/01/30 06:00,5522.611111
2018/01/30 09:00,8857.303704
2018/01/30 12:00,6872.207407
2018/01/30 15:00,6584.981481
2018/01/30 18:00,9987.566667
2018/01/30 21:00,11026.37037
2018/01/31 00:00,12472.71111
2018/01/31 03:00,6321.07037
2018/01/31 06:00,5664.559259
2018/01/31 09:00,7899.992593
2018/01/31 12:00,7651.022222
2018/01/31 15:00,6946.877778
2018/01/31 18:00,7749.518519
2018/01/31 21:00,10691.74074
2018/02/01 00:00,9968.6
2018/02/01 03:00,1052.592593
2018/02/01 06:00,435.3
2018/02/01 09:00,3309.27037
2018/02/01 12:00,4067.511111
2018/02/01 15:00,4768.496296
2018/02/01 18:00,5654.066667
2018/02/01 21:00,6007.144444
2018/02/02 00:00,6476.307407
2018/02/02 03:00,3569.548148
2018/02/02 06:00,3547.288889
2018/02/02 09:00,7698.874074
2018/02/02 12:00,9223.940741
2018/02/02 15:00,8948.240741
2018/02/02 18:00,7647.588889
2018/02/02 21:00,8511.748148
2018/02/03 00:00,8491.885185
2018/02/03 03:00,2989.107407
2018/02/03 06:00,2120.288889
2018/02/03 09:00,4166.148148
2018/02/03 12:00,3723.6
2018/02/03 15:00,1998.87037
2018/02/03 18:00,1862.625926
2018/02/03 21:00,1950.985185
2018/02/04 00:00,5332.959259
2018/02/04 03:00,2666.581481
2018/02/04 06:00,2133.185185
2018/02/04 09:00,3373.266667
2018/02/04 12:00,3523.22963
2018/02/04 15:00,3298.2
2018/02/04 18:00,3404.177778
2018/02/04 21:00,3439.844444
2018/02/05 00:00,5484.848148
2018/02/05 03:00,2173.192593
2018/02/05 06:00,1473.837037
2018/02/05 09:00,3031.955556
2018/02/05 12:00,3514.785185
2018/02/05 15:00,3342.085185
2018/02/05 18:00,3322.818519
2018/02/05 21:00,3239.966667
2018/02/06 00:00,8798.707407
2018/02/06 03:00,9671.9
2018/02/06 06:00,9307.251852
2018/02/06 09:00,10912.46296
2018/02/06 12:00,10009.86667
2018/02/06 15:00,9627.2
2018/02/06 18:00,10347.45185
2018/02/06 21:00,10803.41852
2018/02/07 00:00,11651.03333
2018/02/07 03:00,9831.503704
2018/02/07 06:00,9555.903704
2018/02/07 09:00,10898.98148
2018/02/07 12:00,9857.411111
2018/02/07 15:00,9415.966667
2018/02/07 18:00,12155.93333
2018/02/07 21:00,12564.66296
2018/02/08 00:00,12814.38148
2018/02/08 03:00,11467.85185
2018/02/08 06:00,10176.83704
2018/02/08 09:00,12894.92593
2018/02/08 12:00,13396.54074
2018/02/08 15:00,15973.27778
2018/02/08 18:00,15756.25185
2018/02/08 21:00,15611.06296
2018/02/09 00:00,15599.66667
2018/02/09 03:00,10896.84074
2018/02/09 06:00,10545.61852
2018/02/09 09:00,12508.48889
2018/02/09 12:00,13872.02593
2018/02/09 15:00,13318.44444
2018/02/09 18:00,14998.31852
2018/02/09 21:00,14379.58519
2018/02/10 00:00,13687.57407
2018/02/10 03:00,11663.48889
2018/02/10 06:00,9683.192593
2018/02/10 09:00,13675.72963
2018/02/10 12:00,14740.9963
2018/02/10 15:00,14382.63333
2018/02/10 18:00,15055.00741
2018/02/10 21:00,14313.17037
2018/02/11 00:00,15429.48148
2018/02/11 03:00,11231.62963
2018/02/11 06:00,10093.5
2018/02/11 09:00,13603.20741
2018/02/11 12:00,14112.69259
2018/02/11 15:00,13999.34074
2018/02/11 18:00,15860.04444
2018/02/11 21:00,15137.43333
2018/02/12 00:00,16142.74074
2018/02/12 03:00,12296.65185
2018/02/12 06:00,10595.21111
2018/02/12 09:00,15961.60741
2018/02/12 12:00,18919.04074
2018/02/12 15:00,14730.28148
2018/02/12 18:00,14416.96296
2018/02/12 21:00,18623.97778
2018/02/13 00:00,13991.41852
2018/02/13 03:00,3690.259259
2018/02/13 06:00,3489.803704
2018/02/13 09:00,6992.925926
2018/02/13 12:00,4591.222222
2018/02/13 15:00,3503.633333
2018/02/13 18:00,5605.67037
2018/02/13 21:00,7989.944444
2018/02/14 00:00,9955.340741
2018/02/14 03:00,4187.740741
2018/02/14 06:00,1861.140741
2018/02/14 09:00,7248.177778
2018/02/14 12:00,8501.977778
2018/02/14 15:00,7209.611111
2018/02/14 18:00,8789
2018/02/14 21:00,11671.77037
2018/02/15 00:00,10543.31111
2018/02/15 03:00,4447.118519
2018/02/15 06:00,3382.525926
2018/02/15 09:00,10921.37037
2018/02/15 12:00,9304.138889
2018/02/15 15:00,8606.285185
2018/02/15 18:00,9183.585185
2018/02/15 21:00,10940.58148
2018/02/16 00:00,11442.9963
2018/02/16 03:00,4342.481481
2018/02/16 06:00,3538.796296
2018/02/16 09:00,10996.65556
2018/02/16 12:00,9114.818519
2018/02/16 15:00,8048.103704
2018/02/16 18:00,7184.311111
2018/02/16 21:00,8760.537037
2018/02/17 00:00,11590.27407
2018/02/17 03:00,4469.337037
2018/02/17 06:00,4674.251852
2018/02/17 09:00,9779.614815
2018/02/17 12:00,9948.992593
2018/02/17 15:00,9241.988889
2018/02/17 18:00,9443.277778
2018/02/17 21:00,10734.34815
2018/02/18 00:00,11455.7037
2018/02/18 03:00,4594.511111
2018/02/18 06:00,4043.140741
2018/02/18 09:00,11302.71481
2018/02/18 12:00,11156.95926
2018/02/18 15:00,7862.722222
2018/02/18 18:00,8765.755556
2018/02/18 21:00,12909.07037
2018/02/19 00:00,11461.05556
2018/02/19 03:00,4464.155556
2018/02/19 06:00,3615.62963
2018/02/19 09:00,10796.59815
2018/02/19 12:00,8022.027778
2018/02/19 15:00,7713.525926
2018/02/19 18:00,7601.390741
2018/02/19 21:00,9019.990741
2018/02/20 00:00,8646.011111
2018/02/20 03:00,4116.3
2018/02/20 06:00,1860.992593
2018/02/20 09:00,8009.372222
2018/02/20 12:00,5741.292593
2018/02/20 15:00,2690.640741
2018/02/20 18:00,4833.659259
2018/02/20 21:00,4731.396296
2018/02/21 00:00,9046.322222
2018/02/21 03:00,3601.940741
2018/02/21 06:00,2482.12963
2018/02/21 09:00,1401.422222
2018/02/21 12:00,4296.674074
2018/02/21 15:00,4263.644444
2018/02/21 18:00,6776.17037
2018/02/21 21:00,7074.774074
2018/02/22 00:00,10637.4037
2018/02/22 03:00,7639.616667
2018/02/22 06:00,7785.796296
2018/02/22 09:00,8204.246296
2018/02/22 12:00,7306.97037
2018/02/22 15:00,5201.22963
2018/02/22 18:00,5068.192593
2018/02/22 21:00,8037.674074
2018/02/23 00:00,10649.72593
2018/02/23 03:00,6957.703704
2018/02/23 06:00,7363.087037
2018/02/23 09:00,8396.016667
2018/02/23 12:00,5246.744444
2018/02/23 15:00,6815.648148
2018/02/23 18:00,6593.818519
2018/02/23 21:00,7999.774074
2018/02/24 00:00,10940.81111
2018/02/24 03:00,7660.92963
2018/02/24 06:00,7423.933333
2018/02/24 09:00,8049.944444
2018/02/24 12:00,5439.811111
2018/02/24 15:00,5210.366667
2018/02/24 18:00,6165.468519
2018/02/24 21:00,5515.107407
2018/02/25 00:00,10570.47037
2018/02/25 03:00,6692.411111
2018/02/25 06:00,6660.485185
2018/02/25 09:00,7298.659259
2018/02/25 12:00,7405.903704
2018/02/25 15:00,5470.388889
2018/02/25 18:00,5024.648148
2018/02/25 21:00,6893.725926
2018/02/26 00:00,10157.25926
2018/02/26 03:00,6858.474074
2018/02/26 06:00,5770.2
2018/02/26 09:00,7004.687037
2018/02/26 12:00,6861.188889
2018/02/26 15:00,7106.362963
2018/02/26 18:00,6102.807407
2018/02/26 21:00,8157.774074
2018/02/27 00:00,9621.066667
2018/02/27 03:00,2556.096296
2018/02/27 06:00,2668.844444
2018/02/27 09:00,7736.046296
2018/02/27 12:00,6989.818519
2018/02/27 15:00,7259.407407
2018/02/27 18:00,6765.118519
2018/02/27 21:00,8311.359259
2018/02/28 00:00,11262.92963
2018/02/28 03:00,3201.588889
2018/02/28 06:00,2068.707407
2018/02/28 09:00,6683.774074
2018/02/28 12:00,6171.288889
2018/02/28 15:00,5920.644444
2018/02/28 18:00,5481.188889
2018/02/28 21:00,5296.97037
2018/03/01 00:00,9280.222222
2018/03/01 03:00,1511.714815
2018/03/01 06:00,1888.262963
2018/03/01 09:00,3845.203704
2018/03/01 12:00,5069.881481
2018/03/01 15:00,4491.307407
2018/03/01 18:00,4470.6
2018/03/01 21:00,4823.485185
2018/03/02 00:00,6539.703704
2018/03/02 03:00,4792.322222
2018/03/02 06:00,3250.533333
2018/03/02 09:00,7361.644444
2018/03/02 12:00,9072.02963
2018/03/02 15:00,9792.214815
2018/03/02 18:00,8875.822222
2018/03/02 21:00,9149.759259
2018/03/03 00:00,7593.644444
2018/03/03 03:00,1852.251852
2018/03/03 06:00,1853.651852
2018/03/03 09:00,-289.3925926
2018/03/03 12:00,28.49259259
2018/03/03 15:00,2752.337037
2018/03/03 18:00,4852.062963
2018/03/03 21:00,4704.418519
2018/03/04 00:00,7291.488889
2018/03/04 03:00,3156.225926
2018/03/04 06:00,2886.885185
2018/03/04 09:00,3028.559259
2018/03/04 12:00,1956.559259
2018/03/04 15:00,1501.518519
2018/03/04 18:00,3136.033333
2018/03/04 21:00,3510.340741
2018/03/05 00:00,6209.681481
2018/03/05 03:00,2322.214815
2018/03/05 06:00,1679.818519
2018/03/05 09:00,4799.277778
2018/03/05 12:00,4803.244444
2018/03/05 15:00,5171.692593
2018/03/05 18:00,5634.018519
2018/03/05 21:00,4723.955556
2018/03/06 00:00,10898.14815
2018/03/06 03:00,9556.759259
2018/03/06 06:00,9904.688889
2018/03/06 09:00,9543.503704
2018/03/06 12:00,9154.774074
2018/03/06 15:00,8831.633333
2018/03/06 18:00,8497.651852
2018/03/06 21:00,9504.522222
2018/03/07 00:00,9675.518519
2018/03/07 03:00,10333.71481
2018/03/07 06:00,9902.477778
2018/03/07 09:00,10733.48148
2018/03/07 12:00,10118.81852
2018/03/07 15:00,9878.322222
2018/03/07 18:00,9494.207407
2018/03/07 21:00,9431.103704
2018/03/08 00:00,13394.61852
2018/03/08 03:00,8588.877778
2018/03/08 06:00,8330.5
2018/03/08 09:00,10192.48889
2018/03/08 12:00,9215.081481
2018/03/08 15:00,9207.074074
2018/03/08 18:00,9272.125926
2018/03/08 21:00,9308.555556
2018/03/09 00:00,14463.63333
2018/03/09 03:00,9460.022222
2018/03/09 06:00,9465.448148
2018/03/09 09:00,9231.322222
2018/03/09 12:00,7822.933333
2018/03/09 15:00,7447.022222
2018/03/09 18:00,8070.77037
2018/03/09 21:00,8282.466667
2018/03/10 00:00,14177.47778
2018/03/10 03:00,9065.714815
2018/03/10 06:00,9125.166667
2018/03/10 09:00,8254.633333
2018/03/10 12:00,7747.588889
2018/03/10 15:00,7189.048148
2018/03/10 18:00,8130.318519
2018/03/10 21:00,8389.985185
2018/03/11 00:00,14057.01852
2018/03/11 03:00,9710.037037
2018/03/11 06:00,9034.407407
2018/03/11 09:00,8310.674074
2018/03/11 12:00,8011.374074
2018/03/11 15:00,7972.977778
2018/03/11 18:00,7611.881481
2018/03/11 21:00,9233.537037
2018/03/12 00:00,12388.97407
2018/03/12 03:00,10046.33704
2018/03/12 06:00,9011.185185
2018/03/12 09:00,13210.47037
2018/03/12 12:00,15671.18148
2018/03/12 15:00,14506.08148
2018/03/12 18:00,16195.72222
2018/03/12 21:00,18470.93704
2018/03/13 00:00,13607.58889
2018/03/13 03:00,3987.518519
2018/03/13 06:00,5105.611111
2018/03/13 09:00,9953.359259
2018/03/13 12:00,7328.507407
2018/03/13 15:00,5650.962963
2018/03/13 18:00,5151.855556
2018/03/13 21:00,10500.80185
2018/03/14 00:00,10543.02963
2018/03/14 03:00,4745.359259
2018/03/14 06:00,2710.37037
2018/03/14 09:00,5018.303704
2018/03/14 12:00,4520.403704
2018/03/14 15:00,2010.792593
2018/03/14 18:00,4059.203704
2018/03/14 21:00,5838.596296
2018/03/15 00:00,6083.148148
2018/03/15 03:00,66.85925926
2018/03/15 06:00,1500.955556
2018/03/15 09:00,1397.914815
2018/03/15 12:00,2739.896296
2018/03/15 15:00,1913.525926
2018/03/15 18:00,3195.588889
2018/03/15 21:00,5923.511111
2018/03/16 00:00,7923.611111
2018/03/16 03:00,6741.366667
2018/03/16 06:00,3441.2
2018/03/16 09:00,6377.8
2018/03/16 12:00,4620.092593
2018/03/16 15:00,2985.155556
2018/03/16 18:00,3053.344444
2018/03/16 21:00,6590.492593
2018/03/17 00:00,8333.848148
2018/03/17 03:00,4531.322222
2018/03/17 06:00,2759.033333
2018/03/17 09:00,6990.685185
2018/03/17 12:00,3014.481481
2018/03/17 15:00,2908.211111
2018/03/17 18:00,3545.933333
2018/03/17 21:00,5122.885185
2018/03/18 00:00,9668.833333
2018/03/18 03:00,4539.618519
2018/03/18 06:00,2991.992593
2018/03/18 09:00,6126.27037
2018/03/18 12:00,6432.374074
2018/03/18 15:00,3364.277778
2018/03/18 18:00,6021.305556
2018/03/18 21:00,5125.8
2018/03/19 00:00,8978.659259
2018/03/19 03:00,5774.662963
2018/03/19 06:00,6549.285185
2018/03/19 09:00,6323.892593
2018/03/19 12:00,2906.559259
2018/03/19 15:00,2695.714815
2018/03/19 18:00,5092.740741
2018/03/19 21:00,4209.688889
2018/03/20 00:00,7656.648148
2018/03/20 03:00,4539.562963
2018/03/20 06:00,2334.122222
2018/03/20 09:00,2246.162963
2018/03/20 12:00,2935.57037
2018/03/20 15:00,3068.77037
2018/03/20 18:00,4347.485185
2018/03/20 21:00,7336.777778
2018/03/21 00:00,7780.403704
2018/03/21 03:00,4167.325926
2018/03/21 06:00,2892.122222
2018/03/21 09:00,7499.857407
2018/03/21 12:00,8132.016667
2018/03/21 15:00,4088.303704
2018/03/21 18:00,4750.666667
2018/03/21 21:00,5960.990741
2018/03/22 00:00,8356.788889
2018/03/22 03:00,3724.862963
2018/03/22 06:00,2929.637037
2018/03/22 09:00,8187.494444
2018/03/22 12:00,6048.962963
2018/03/22 15:00,6058.951852
2018/03/22 18:00,4399.735185
2018/03/22 21:00,8443.766667
2018/03/23 00:00,8663.511111
2018/03/23 03:00,3172.374074
2018/03/23 06:00,2676.181481
2018/03/23 09:00,7289.133333
2018/03/23 12:00,4957.885185
2018/03/23 15:00,5073.151852
2018/03/23 18:00,3709.166667
2018/03/23 21:00,5958.259259
2018/03/24 00:00,4430.725926
2018/03/24 03:00,1260.344444
2018/03/24 06:00,508.0333333
2018/03/24 09:00,2408.114815
2018/03/24 12:00,2268.407407
2018/03/24 15:00,2661.233333
2018/03/24 18:00,2045.996296
2018/03/24 21:00,2771.5
2018/03/25 00:00,3268.833333
2018/03/25 03:00,1034.196296
2018/03/25 06:00,489.8444444
2018/03/25 09:00,5434.266667
2018/03/25 12:00,5835.662963
2018/03/25 15:00,6162.085185
2018/03/25 18:00,4389.4
2018/03/25 21:00,4168.144444
2018/03/26 00:00,7893.792593
2018/03/26 03:00,3003.003704
2018/03/26 06:00,782.5407407
2018/03/26 09:00,5984.807407
2018/03/26 12:00,4872.277778
2018/03/26 15:00,3347.340741
2018/03/26 18:00,2774.044444
2018/03/26 21:00,4968.116667
2018/03/27 00:00,7384.981481
2018/03/27 03:00,2870.966667
2018/03/27 06:00,2268.318519
2018/03/27 09:00,5423.340741
2018/03/27 12:00,4423.648148
2018/03/27 15:00,4840.374074
2018/03/27 18:00,5026.340741
2018/03/27 21:00,4272.661111
2018/03/28 00:00,7587.844444
2018/03/28 03:00,3116.211111
2018/03/28 06:00,2153.855556
2018/03/28 09:00,7693.337037
2018/03/28 12:00,5018.848148
2018/03/28 15:00,6334.974074
2018/03/28 18:00,3342.703704
2018/03/28 21:00,4363.451852
2018/03/29 00:00,8158.951852
2018/03/29 03:00,1700.796296
2018/03/29 06:00,3961.385185
2018/03/29 09:00,8263.233333
2018/03/29 12:00,8207.090741
2018/03/29 15:00,5361.025926
2018/03/29 18:00,3299.559259
2018/03/29 21:00,6161.944444
2018/03/30 00:00,6307.403704
2018/03/30 03:00,328.9444444
2018/03/30 06:00,-713.5333333
2018/03/30 09:00,4537.992593
2018/03/30 12:00,2171.803704
2018/03/30 15:00,2658.896296
2018/03/30 18:00,1246.714815
2018/03/30 21:00,1814.922222
2018/03/31 00:00,3112.392593
2018/03/31 03:00,175.3296296
2018/03/31 06:00,302.9222222
2018/03/31 09:00,1646.462963
2018/03/31 12:00,1995.907407
2018/03/31 15:00,2103.674074
2018/03/31 18:00,3174.396296
2018/03/31 21:00,3342.585185
2018/04/01 00:00,9300.796296
2018/04/01 03:00,1582.759259
2018/04/01 06:00,1285.348148
2018/04/01 09:00,3562.133333
2018/04/01 12:00,6480.431481
2018/04/01 15:00,6216.996296
2018/04/01 18:00,6770.507407
2018/04/01 21:00,7605.859259
2018/04/02 00:00,6290.481481
2018/04/02 03:00,5832.625926
2018/04/02 06:00,5121.348148
2018/04/02 09:00,8996.981481
2018/04/02 12:00,10510.52593
2018/04/02 15:00,9635.648148
2018/04/02 18:00,9816.907407
2018/04/02 21:00,11610.15556
2018/04/03 00:00,7469.755556
2018/04/03 03:00,2729.911111
2018/04/03 06:00,2079
2018/04/03 09:00,3258.737037
2018/04/03 12:00,3169.107407
2018/04/03 15:00,1672.303704
2018/04/03 18:00,45.61111111
2018/04/03 21:00,3155.411111
2018/04/04 00:00,6475.748148
2018/04/04 03:00,1461.718519
2018/04/04 06:00,1560.444444
2018/04/04 09:00,1497.381481
2018/04/04 12:00,-674.9740741
2018/04/04 15:00,167.1074074
2018/04/04 18:00,107.1888889
2018/04/04 21:00,3786.840741
2018/04/05 00:00,7539.933333
2018/04/05 03:00,3807.744444
2018/04/05 06:00,2963.655556
2018/04/05 09:00,6254.462963
2018/04/05 12:00,6515.485185
2018/04/05 15:00,5645.433333
2018/04/05 18:00,7068.477778
2018/04/05 21:00,7135.259259
2018/04/06 00:00,10134.86667
2018/04/06 03:00,9379.87037
2018/04/06 06:00,8591.107407
2018/04/06 09:00,9731.162963
2018/04/06 12:00,9530.537037
2018/04/06 15:00,7927.277778
2018/04/06 18:00,8359.307407
2018/04/06 21:00,9343.525926
2018/04/07 00:00,12120.4
2018/04/07 03:00,9096.777778
2018/04/07 06:00,9055.92963
2018/04/07 09:00,9874.966667
2018/04/07 12:00,8878.685185
2018/04/07 15:00,8616.211111
2018/04/07 18:00,8719.140741
2018/04/07 21:00,9673.1
2018/04/08 00:00,14284.25185
2018/04/08 03:00,9468.52963
2018/04/08 06:00,8515.507407
2018/04/08 09:00,8876.237037
2018/04/08 12:00,8012.022222
2018/04/08 15:00,7827.17037
2018/04/08 18:00,7740.87037
2018/04/08 21:00,8183.844444
2018/04/09 00:00,14187.72593
2018/04/09 03:00,10067.44074
2018/04/09 06:00,9493.874074
2018/04/09 09:00,9643.659259
2018/04/09 12:00,7855.925926
2018/04/09 15:00,8000.866667
2018/04/09 18:00,7870.051852
2018/04/09 21:00,8524.125926
2018/04/10 00:00,14468.58148
2018/04/10 03:00,10338.86296
2018/04/10 06:00,9279.548148
2018/04/10 09:00,9449.914815
2018/04/10 12:00,7644.814815
2018/04/10 15:00,7781.825926
2018/04/10 18:00,8048.862963
2018/04/10 21:00,8807.503704
2018/04/11 00:00,13378.03704
2018/04/11 03:00,9590.522222
2018/04/11 06:00,8373.881481
2018/04/11 09:00,9094.403704
2018/04/11 12:00,7741.288889
2018/04/11 15:00,8575.922222
2018/04/11 18:00,8615.303704
2018/04/11 21:00,7579.211111
2018/04/12 00:00,14589.35926
2018/04/12 03:00,11155.85926
2018/04/12 06:00,10170.81852
2018/04/12 09:00,13851.68148
2018/04/12 12:00,15867.15556
2018/04/12 15:00,13593.8
2018/04/12 18:00,15062.18148
2018/04/12 21:00,12819.31111
2018/04/13 00:00,14787.8037
2018/04/13 03:00,3986.72963
2018/04/13 06:00,4596.648148
2018/04/13 09:00,8509.818519
2018/04/13 12:00,8037.144444
2018/04/13 15:00,6969.514815
2018/04/13 18:00,4332.162963
2018/04/13 21:00,7949.796296
2018/04/14 00:00,10265.1963
2018/04/14 03:00,6950.688889
2018/04/14 06:00,7489.777778
2018/04/14 09:00,9412.487037
2018/04/14 12:00,6775.885185
2018/04/14 15:00,5884.1
2018/04/14 18:00,5266.966667
2018/04/14 21:00,5434.648148
2018/04/15 00:00,10291.57778
2018/04/15 03:00,3786.392593
2018/04/15 06:00,2660.951852
2018/04/15 09:00,9829.983333
2018/04/15 12:00,6626.577778
2018/04/15 15:00,4096.548148
2018/04/15 18:00,3883.685185
2018/04/15 21:00,8143.266667
2018/04/16 00:00,10914.79259
2018/04/16 03:00,3088.766667
2018/04/16 06:00,809.4925926
2018/04/16 09:00,8649.298148
2018/04/16 12:00,6856.692593
2018/04/16 15:00,2947.12963
2018/04/16 18:00,5971.940741
2018/04/16 21:00,6198.77963
2018/04/17 00:00,7281.803704
2018/04/17 03:00,3463.114815
2018/04/17 06:00,3632.485185
2018/04/17 09:00,8911.753704
2018/04/17 12:00,7402.237037
2018/04/17 15:00,6114.392593
2018/04/17 18:00,5990.296296
2018/04/17 21:00,7280.605556
2018/04/18 00:00,6309.985185
2018/04/18 03:00,3950.411111
2018/04/18 06:00,3307.677778
2018/04/18 09:00,6251.746296
2018/04/18 12:00,6604.544444
2018/04/18 15:00,5926.611111
2018/04/18 18:00,5912.222222
2018/04/18 21:00,6329.133333
2018/04/19 00:00,8232.955556
2018/04/19 03:00,4070.477778
2018/04/19 06:00,3399.840741
2018/04/19 09:00,6453.003704
2018/04/19 12:00,7126.848148
2018/04/19 15:00,6627.233333
2018/04/19 18:00,6367.811111
2018/04/19 21:00,6253.483333
2018/04/20 00:00,8350.711111
2018/04/20 03:00,3777.048148
2018/04/20 06:00,1597.585185
2018/04/20 09:00,5723.833333
2018/04/20 12:00,5122.8
2018/04/20 15:00,5101.87037
2018/04/20 18:00,5993.5
2018/04/20 21:00,6502.290741
2018/04/21 00:00,8231.718519
2018/04/21 03:00,3869.835185
2018/04/21 06:00,3328.131481
2018/04/21 09:00,5611.251852
2018/04/21 12:00,6503.985185
2018/04/21 15:00,6203.633333
2018/04/21 18:00,6129.033333
2018/04/21 21:00,6374.298148
2018/04/22 00:00,10529.0963
2018/04/22 03:00,4143.311111
2018/04/22 06:00,3033.651852
2018/04/22 09:00,7289.814815
2018/04/22 12:00,6942.881481
2018/04/22 15:00,7746.718519
2018/04/22 18:00,7144.881481
2018/04/22 21:00,6777.840741
2018/04/23 00:00,6908.414815
2018/04/23 03:00,3743.288889
2018/04/23 06:00,2740.359259
2018/04/23 09:00,5928.525926
2018/04/23 12:00,5702.788889
2018/04/23 15:00,6059.974074
2018/04/23 18:00,6423.422222
2018/04/23 21:00,8673.416667
2018/04/24 00:00,10918.9037
2018/04/24 03:00,3407.748148
2018/04/24 06:00,2783.085185
2018/04/24 09:00,6036.596296
2018/04/24 12:00,6541.292593
2018/04/24 15:00,6857.240741
2018/04/24 18:00,6799.162963
2018/04/24 21:00,8757.983333
2018/04/25 00:00,9167.614815
2018/04/25 03:00,3898.677778
2018/04/25 06:00,2915.103704
2018/04/25 09:00,5269.790741
2018/04/25 12:00,7146.977778
2018/04/25 15:00,6216.42963
2018/04/25 18:00,6250.488889
2018/04/25 21:00,7103.788889
2018/04/26 00:00,8493.474074
2018/04/26 03:00,3038.866667
2018/04/26 06:00,2631.559259
2018/04/26 09:00,5351.548148
2018/04/26 12:00,6987.985185
2018/04/26 15:00,6252.87037
2018/04/26 18:00,6336.288889
2018/04/26 21:00,6150.990741
2018/04/27 00:00,7889.388889
2018/04/27 03:00,5742.351852
2018/04/27 06:00,5563.262963
2018/04/27 09:00,6651.181481
2018/04/27 12:00,6836.655556
2018/04/27 15:00,6784.625926
2018/04/27 18:00,5885.444444
2018/04/27 21:00,7088.285185
2018/04/28 00:00,10473.55185
2018/04/28 03:00,4838.825926
2018/04/28 06:00,5645.896296
2018/04/28 09:00,9417.827778
2018/04/28 12:00,8354.588889
2018/04/28 15:00,5980.977778
2018/04/28 18:00,6070.833333
2018/04/28 21:00,5010.481481
2018/04/29 00:00,8624.514815
2018/04/29 03:00,1797.422222
2018/04/29 06:00,-460.7259259
2018/04/29 09:00,1370.485185
2018/04/29 12:00,2462.203704
2018/04/29 15:00,2520.185185
2018/04/29 18:00,2940.351852
2018/04/29 21:00,5787.451852
2018/04/30 00:00,8946.97037
2018/04/30 03:00,874.0814815
2018/04/30 06:00,-776.3148148
2018/04/30 09:00,5022.105556
2018/04/30 12:00,6595.014815
2018/04/30 15:00,5372.222222
2018/04/30 18:00,5555.785185
2018/04/30 21:00,4632.533333
2018/05/01 00:00,10143.08519
2018/05/01 03:00,103.9333333
2018/05/01 06:00,264.3074074
2018/05/01 09:00,4240.833333
2018/05/01 12:00,5350.235185
2018/05/01 15:00,5322.107407
2018/05/01 18:00,6488.811111
2018/05/01 21:00,7538.444444
2018/05/02 00:00,6017.52963
2018/05/02 03:00,3282.8
2018/05/02 06:00,3029.322222
2018/05/02 09:00,9239.066667
2018/05/02 12:00,10371.00926
2018/05/02 15:00,8704.981481
2018/05/02 18:00,9653.992593
2018/05/02 21:00,9958.651852
2018/05/03 00:00,6341.344444
2018/05/03 03:00,2288.548148
2018/05/03 06:00,1455.907407
2018/05/03 09:00,3407.366667
2018/05/03 12:00,3238.525926
2018/05/03 15:00,2756.381481
2018/05/03 18:00,3243.059259
2018/05/03 21:00,1270.477778
2018/05/04 00:00,6147.018519
2018/05/04 03:00,2253.466667
2018/05/04 06:00,1461.681481
2018/05/04 09:00,1349.466667
2018/05/04 12:00,1083.296296
2018/05/04 15:00,915.6148148
2018/05/04 18:00,1609.825926
2018/05/04 21:00,2462.140741
2018/05/05 00:00,7915.37037
2018/05/05 03:00,3812.696296
2018/05/05 06:00,2758.592593
2018/05/05 09:00,5395.088889
2018/05/05 12:00,5222.640741
2018/05/05 15:00,5715.592593
2018/05/05 18:00,7109.67037
2018/05/05 21:00,5268.555556
2018/05/06 00:00,11234.94074
2018/05/06 03:00,10699.7
2018/05/06 06:00,10507.21111
2018/05/06 09:00,13672.02593
2018/05/06 12:00,12816.41481
2018/05/06 15:00,9299.155556
2018/05/06 18:00,9491.177778
2018/05/06 21:00,9482.881481
2018/05/07 00:00,14257.7963
2018/05/07 03:00,10640.57037
2018/05/07 06:00,7590.003704
2018/05/07 09:00,13940.07037
2018/05/07 12:00,13999.26667
2018/05/07 15:00,10445.90741
2018/05/07 18:00,10398.72222
2018/05/07 21:00,10738.25185
2018/05/08 00:00,14206.21481
2018/05/08 03:00,8681.859259
2018/05/08 06:00,8224.748148
2018/05/08 09:00,9951.603704
2018/05/08 12:00,9443.937037
2018/05/08 15:00,9023.22963
2018/05/08 18:00,6827.025926
2018/05/08 21:00,7881.755556
2018/05/09 00:00,13863.87778
2018/05/09 03:00,8058.681481
2018/05/09 06:00,7909.925926
2018/05/09 09:00,8775.003704
2018/05/09 12:00,8446.185185
2018/05/09 15:00,8276.27037
2018/05/09 18:00,7699.222222
2018/05/09 21:00,9703.003704
2018/05/10 00:00,14726.5
2018/05/10 03:00,7627.748148
2018/05/10 06:00,5959.203704
2018/05/10 09:00,11967.01852
2018/05/10 12:00,16113.49259
2018/05/10 15:00,15771.88889
2018/05/10 18:00,15785.36296
2018/05/10 21:00,15943.42222
2018/05/11 00:00,13074.65926
2018/05/11 03:00,11948.6
2018/05/11 06:00,10832.51481
2018/05/11 09:00,14008.8
2018/05/11 12:00,15835.55185
2018/05/11 15:00,16296.47407
2018/05/11 18:00,16010.90741
2018/05/11 21:00,15359.7
2018/05/12 00:00,13080.42963
2018/05/12 03:00,11646.02593
2018/05/12 06:00,10856.57778
2018/05/12 09:00,15869.12593
2018/05/12 12:00,16972.55926
2018/05/12 15:00,16840.76667
2018/05/12 18:00,15175.62593
2018/05/12 21:00,16296.01111
2018/05/13 00:00,13649.04815
2018/05/13 03:00,3742.62963
2018/05/13 06:00,3060.235185
2018/05/13 09:00,5028.153704
2018/05/13 12:00,3071.040741
2018/05/13 15:00,3902.277778
2018/05/13 18:00,1967.544444
2018/05/13 21:00,4301.851852
2018/05/14 00:00,7365.092593
2018/05/14 03:00,3638.12963
2018/05/14 06:00,2684.188889
2018/05/14 09:00,8076.47963
2018/05/14 12:00,4488.748148
2018/05/14 15:00,3215.896296
2018/05/14 18:00,3371.522222
2018/05/14 21:00,4525.718519
2018/05/15 00:00,6689.037037
2018/05/15 03:00,3756.855556
2018/05/15 06:00,3309.414815
2018/05/15 09:00,4568.257407
2018/05/15 12:00,4848.596296
2018/05/15 15:00,5707.840741
2018/05/15 18:00,5139.522222
2018/05/15 21:00,5595.02963
2018/05/16 00:00,6185.522222
2018/05/16 03:00,3757.351852
2018/05/16 06:00,2770.551852
2018/05/16 09:00,6534.659259
2018/05/16 12:00,5585.714815
2018/05/16 15:00,8515.996296
2018/05/16 18:00,6729.951852
2018/05/16 21:00,7349.355556
2018/05/17 00:00,7951.862963
2018/05/17 03:00,3897.551852
2018/05/17 06:00,6810.275926
2018/05/17 09:00,6932.212963
2018/05/17 12:00,8297.033333
2018/05/17 15:00,6873.581481
2018/05/17 18:00,7101.496296
2018/05/17 21:00,5526.555556
2018/05/18 00:00,8561.951852
2018/05/18 03:00,3953.9
2018/05/18 06:00,3133.814815
2018/05/18 09:00,7038.237037
2018/05/18 12:00,5822.081481
2018/05/18 15:00,6548.981481
2018/05/18 18:00,8209.940741
2018/05/18 21:00,6798.692593
2018/05/19 00:00,11334.16667
2018/05/19 03:00,4109.955556
2018/05/19 06:00,2560.211111
2018/05/19 09:00,7382.612963
2018/05/19 12:00,5899.596296
2018/05/19 15:00,6556.881481
2018/05/19 18:00,6347.303704
2018/05/19 21:00,6576.177778
2018/05/20 00:00,7588.707407
2018/05/20 03:00,3882.574074
2018/05/20 06:00,5680.318519
2018/05/20 09:00,7198.161111
2018/05/20 12:00,8050.101852
2018/05/20 15:00,6295.959259
2018/05/20 18:00,5717.640741
2018/05/20 21:00,6553.9
2018/05/21 00:00,10422.28148
2018/05/21 03:00,7622.448148
2018/05/21 06:00,7758.240741
2018/05/21 09:00,8492.974074
2018/05/21 12:00,8886.414815
2018/05/21 15:00,6950.055556
2018/05/21 18:00,6125.440741
2018/05/21 21:00,6469.981481
2018/05/22 00:00,11314.44074
2018/05/22 03:00,6529.748148
2018/05/22 06:00,6151.033333
2018/05/22 09:00,9168.838889
2018/05/22 12:00,9171.377778
2018/05/22 15:00,7400.014815
2018/05/22 18:00,6462.996296
2018/05/22 21:00,7498.014815
2018/05/23 00:00,8844.892593
2018/05/23 03:00,4078.444444
2018/05/23 06:00,3201.962963
2018/05/23 09:00,7315.135185
2018/05/23 12:00,7557.877778
2018/05/23 15:00,7276.796296
2018/05/23 18:00,7775.451852
2018/05/23 21:00,6901.996296
2018/05/24 00:00,9178.562963
2018/05/24 03:00,4829.255556
2018/05/24 06:00,6948.103704
2018/05/24 09:00,6703.472222
2018/05/24 12:00,9378.537037
2018/05/24 15:00,7350.822222
2018/05/24 18:00,6169.614815
2018/05/24 21:00,5051.148148
2018/05/25 00:00,9546.207407
2018/05/25 03:00,6560.637037
2018/05/25 06:00,4349.481481
2018/05/25 09:00,6393.355556
2018/05/25 12:00,7263.640741
2018/05/25 15:00,7058.7
2018/05/25 18:00,7421.566667
2018/05/25 21:00,5201.114815
2018/05/26 00:00,11855.64815
2018/05/26 03:00,6501.518519
2018/05/26 06:00,6703.833333
2018/05/26 09:00,8997.466667
2018/05/26 12:00,7871.940741
2018/05/26 15:00,8355.162963
2018/05/26 18:00,7183.155556
2018/05/26 21:00,8937.907407
2018/05/27 00:00,9865.02963
2018/05/27 03:00,6919.525926
2018/05/27 06:00,6533.340741
2018/05/27 09:00,9721.040741
2018/05/27 12:00,8638.907407
2018/05/27 15:00,8661.540741
2018/05/27 18:00,7375.9
2018/05/27 21:00,7499.244444
2018/05/28 00:00,11214.88148
2018/05/28 03:00,6979.803704
2018/05/28 06:00,6813.122222
2018/05/28 09:00,6758.251852
2018/05/28 12:00,7203.174074
2018/05/28 15:00,7066.807407
2018/05/28 18:00,6931.962963
2018/05/28 21:00,6460.9
2018/05/29 00:00,11157.68889
2018/05/29 03:00,8641.533333
2018/05/29 06:00,6694.155556
2018/05/29 09:00,8126.685185
2018/05/29 12:00,8322.803704
2018/05/29 15:00,6454.318519
2018/05/29 18:00,5719.481481
2018/05/29 21:00,6809.962963
2018/05/30 00:00,11539.58519
2018/05/30 03:00,7322.351852
2018/05/30 06:00,6728.833333
2018/05/30 09:00,9118.403704
2018/05/30 12:00,9398.066667
2018/05/30 15:00,7193.622222
2018/05/30 18:00,6806.855556
2018/05/30 21:00,6511.137037
2018/05/31 00:00,7727.32963
2018/05/31 03:00,3783.933333
2018/05/31 06:00,2988.644444
2018/05/31 09:00,6401.164815
2018/05/31 12:00,6068.437037
2018/05/31 15:00,6005.088889
2018/05/31 18:00,5820.985185
2018/05/31 21:00,6699.722222
2018/06/01 00:00,11004.02593
2018/06/01 03:00,2108.881481
2018/06/01 06:00,1961.5
2018/06/01 09:00,5914.192593
2018/06/01 12:00,6419.301852
2018/06/01 15:00,4223.661111
2018/06/01 18:00,4860.42037
2018/06/01 21:00,7302.838889
2018/06/02 00:00,7705.774074
2018/06/02 03:00,4394.918519
2018/06/02 06:00,4316.981481
2018/06/02 09:00,5856.844444
2018/06/02 12:00,8678.609259
2018/06/02 15:00,8067.527778
2018/06/02 18:00,8126.17963
2018/06/02 21:00,7644.812963
2018/06/03 00:00,7905.592593
2018/06/03 03:00,2183.174074
2018/06/03 06:00,1042.107407
2018/06/03 09:00,4165.059259
2018/06/03 12:00,4572.448148
2018/06/03 15:00,3862.618519
2018/06/03 18:00,3230.066667
2018/06/03 21:00,4952.525926
2018/06/04 00:00,6669.822222
2018/06/04 03:00,831.1962963
2018/06/04 06:00,541.637037
2018/06/04 09:00,2628.274074
2018/06/04 12:00,1650.233333
2018/06/04 15:00,1814.196296
2018/06/04 18:00,965.3037037
2018/06/04 21:00,3482.911111
2018/06/05 00:00,5926.048148
2018/06/05 03:00,2974.922222
2018/06/05 06:00,2057.251852
2018/06/05 09:00,8262.362963
2018/06/05 12:00,8114.266667
2018/06/05 15:00,8134.077778
2018/06/05 18:00,6746.422222
2018/06/05 21:00,6034.844444
2018/06/06 00:00,11725.61481
2018/06/06 03:00,9808.281481
2018/06/06 06:00,8108.411111
2018/06/06 09:00,11339.6037
2018/06/06 12:00,12017.5
2018/06/06 15:00,11671.81852
2018/06/06 18:00,11750.61481
2018/06/06 21:00,11782.44444
2018/06/07 00:00,12964.41481
2018/06/07 03:00,10917.40278
2018/06/07 06:00,9930.725926
2018/06/07 09:00,12084.22222
2018/06/07 12:00,11347.86296
2018/06/07 15:00,8484.085185
2018/06/07 18:00,12548.38889
2018/06/07 21:00,13120.44074
2018/06/08 00:00,14148.65556
2018/06/08 03:00,9160.611111
2018/06/08 06:00,7505.122222
2018/06/08 09:00,10804.69259
2018/06/08 12:00,11774.61852
2018/06/08 15:00,10914.13704
2018/06/08 18:00,11522.55185
2018/06/08 21:00,11936.16296
2018/06/09 00:00,13378.35926
2018/06/09 03:00,10574.98241
2018/06/09 06:00,8994.388889
2018/06/09 09:00,11285.11111
2018/06/09 12:00,13967.42593
2018/06/09 15:00,14257.14074
2018/06/09 18:00,10484.87037
2018/06/09 21:00,12651.31852
2018/06/10 00:00,13246.31111
2018/06/10 03:00,9824.974074
2018/06/10 06:00,9172.82963
2018/06/10 09:00,11970.34815
2018/06/10 12:00,11176.28519
2018/06/10 15:00,13726.15556
2018/06/10 18:00,10208.02593
2018/06/10 21:00,11642.00123
2018/06/11 00:00,12957.4
2018/06/11 03:00,8278.551852
2018/06/11 06:00,7519.688889
2018/06/11 09:00,8966.159259
2018/06/11 12:00,9558.059259
2018/06/11 15:00,9511.796296
2018/06/11 18:00,8861.703704
2018/06/11 21:00,12293.14074
2018/06/12 00:00,12833.55926
2018/06/12 03:00,9601.685185
2018/06/12 06:00,7755.162963
2018/06/12 09:00,8123.303704
2018/06/12 12:00,10554.7037
2018/06/12 15:00,8874.896296
2018/06/12 18:00,7945.977778
2018/06/12 21:00,11830.22963
2018/06/13 00:00,12930.92593
2018/06/13 03:00,8040.148148
2018/06/13 06:00,7261.937037
2018/06/13 09:00,10684.52963
2018/06/13 12:00,9014.288889
2018/06/13 15:00,9638.055556
2018/06/13 18:00,9806.448148
2018/06/13 21:00,9569.188889
2018/06/14 00:00,13128.55556
2018/06/14 03:00,10743.18519
2018/06/14 06:00,9285.7
2018/06/14 09:00,11967.51111
2018/06/14 12:00,11388.90741
2018/06/14 15:00,10174.97407
2018/06/14 18:00,10203.56667
2018/06/14 21:00,10557.41111
2018/06/15 00:00,13013.37778
2018/06/15 03:00,9524.339815
2018/06/15 06:00,10386.62593
2018/06/15 09:00,9846.274074
2018/06/15 12:00,11205.44815
2018/06/15 15:00,10236.28148
2018/06/15 18:00,10726.47407
2018/06/15 21:00,9530.996296
2018/06/16 00:00,12582.02593
2018/06/16 03:00,8759.162037
2018/06/16 06:00,8839.244444
2018/06/16 09:00,12586.77119
2018/06/16 12:00,10649.51111
2018/06/16 15:00,11105.64074
2018/06/16 18:00,10482.57778
2018/06/16 21:00,9474.937963
2018/06/17 00:00,14509.16667
2018/06/17 03:00,9665.262963
2018/06/17 06:00,8983.914815
2018/06/17 09:00,11388.76667
2018/06/17 12:00,9968.896296
2018/06/17 15:00,12588.36667
2018/06/17 18:00,13106.72222
2018/06/17 21:00,10047.42037
2018/06/18 00:00,14564.15926
2018/06/18 03:00,9398.803704
2018/06/18 06:00,9543.288889
2018/06/18 09:00,10394.24815
2018/06/18 12:00,9245.877778
2018/06/18 15:00,12599.04815
2018/06/18 18:00,12234.92222
2018/06/18 21:00,10340.1
2018/06/19 00:00,13101.81111
2018/06/19 03:00,7583.80463
2018/06/19 06:00,9751.02963
2018/06/19 09:00,10478.93333
2018/06/19 12:00,9829.118519
2018/06/19 15:00,11928.76296
2018/06/19 18:00,12235.34074
2018/06/19 21:00,10067.08519
2018/06/20 00:00,13907.28889
2018/06/20 03:00,10247.87315
2018/06/20 06:00,8237.988889
2018/06/20 09:00,10060.16667
2018/06/20 12:00,13117.74444
2018/06/20 15:00,12139.78148
2018/06/20 18:00,11458.82593
2018/06/20 21:00,11189.56508
2018/06/21 00:00,11921.22593
2018/06/21 03:00,11380.57407
2018/06/21 06:00,9547.522222
2018/06/21 09:00,12643.03704
2018/06/21 12:00,11836.95185
2018/06/21 15:00,12232.2
2018/06/21 18:00,11936.37778
2018/06/21 21:00,10798.15926
2018/06/22 00:00,11767.51481
2018/06/22 03:00,11565.3037
2018/06/22 06:00,10039.4963
2018/06/22 09:00,11150.63704
2018/06/22 12:00,12380.78148
2018/06/22 15:00,12664.72593
2018/06/22 18:00,12611.74815
2018/06/22 21:00,10936.94815
2018/06/23 00:00,14558.51852
2018/06/23 03:00,10992.18148
2018/06/23 06:00,7841.433333
2018/06/23 09:00,11737.48519
2018/06/23 12:00,12702.95926
2018/06/23 15:00,12557.81852
2018/06/23 18:00,12820.8963
2018/06/23 21:00,11485.68148
2018/06/24 00:00,14688.37037
2018/06/24 03:00,10096.28889
2018/06/24 06:00,9429.696296
2018/06/24 09:00,11389.23333
2018/06/24 12:00,12490.67407
2018/06/24 15:00,12078.88889
2018/06/24 18:00,12059.68519
2018/06/24 21:00,12147.37037
2018/06/25 00:00,13864.03704
2018/06/25 03:00,11774.77778
2018/06/25 06:00,9903.359259
2018/06/25 09:00,12889.5963
2018/06/25 12:00,12990.81296
2018/06/25 15:00,12671.6963
2018/06/25 18:00,12138.08519
2018/06/25 21:00,11930.22037
2018/06/26 00:00,13649.62593
2018/06/26 03:00,11733.17037
2018/06/26 06:00,9649.540741
2018/06/26 09:00,12007.77037
2018/06/26 12:00,13099.12963
2018/06/26 15:00,12703.78889
2018/06/26 18:00,12580.87407
2018/06/26 21:00,11624.38148
2018/06/27 00:00,13620.07407
2018/06/27 03:00,13141.37037
2018/06/27 06:00,10135.51852
2018/06/27 09:00,11951.48148
2018/06/27 12:00,12302.83704
2018/06/27 15:00,13396.74444
2018/06/27 18:00,11960.52593
2018/06/27 21:00,10946.52963
2018/06/28 00:00,13764.29259
2018/06/28 03:00,12471.03981
2018/06/28 06:00,10594.21111
2018/06/28 09:00,12031.26296
2018/06/28 12:00,12594.18148
2018/06/28 15:00,12669.67407
2018/06/28 18:00,13497.18889
2018/06/28 21:00,12537.04074
2018/06/29 00:00,14095.95185
2018/06/29 03:00,12743.16296
2018/06/29 06:00,11960.86296
2018/06/29 09:00,14030.5037
2018/06/29 12:00,12090.07037
2018/06/29 15:00,13495.2963
2018/06/29 18:00,13904.48889
2018/06/29 21:00,12871.95185
2018/06/30 00:00,13749.83704
2018/06/30 03:00,10931.66481
2018/06/30 06:00,9080.355556
2018/06/30 09:00,11931.21481
2018/06/30 12:00,12147.71852
2018/06/30 15:00,13057.25185
2018/06/30 18:00,11984.63704
2018/06/30 21:00,12982.67778
2018/07/01 00:00,11554.04444
2018/07/01 03:00,1091.925926
2018/07/01 06:00,1916.855556
2018/07/01 09:00,5229.481481
2018/07/01 12:00,6314.062963
2018/07/01 15:00,6019.396296
2018/07/01 18:00,5359.92963
2018/07/01 21:00,4758.662963
2018/07/02 00:00,7017.57037
2018/07/02 03:00,2473.707407
2018/07/02 06:00,1289.488889
2018/07/02 09:00,6360.6
2018/07/02 12:00,8037.255556
2018/07/02 15:00,6816.101852
2018/07/02 18:00,6809.085185
2018/07/02 21:00,7350.377778
2018/07/03 00:00,7412.796296
2018/07/03 03:00,1392.944444
2018/07/03 06:00,962.8518519
2018/07/03 09:00,4493.881481
2018/07/03 12:00,3294.333333
2018/07/03 15:00,3066.314815
2018/07/03 18:00,1973.996296
2018/07/03 21:00,2193.544444
2018/07/04 00:00,8081.218519
2018/07/04 03:00,2487.751852
2018/07/04 06:00,1361.996296
2018/07/04 09:00,3545.803704
2018/07/04 12:00,5082.992593
2018/07/04 15:00,4416.985185
2018/07/04 18:00,2311.818519
2018/07/04 21:00,3247.096296
2018/07/05 00:00,7686.540741
2018/07/05 03:00,4440.081481
2018/07/05 06:00,3167.833333
2018/07/05 09:00,5820.485185
2018/07/05 12:00,5232.192593
2018/07/05 15:00,5534.551852
2018/07/05 18:00,5324.874074
2018/07/05 21:00,5717.977778
2018/07/06 00:00,10180.31111
2018/07/06 03:00,11197.4963
2018/07/06 06:00,10598.24444
2018/07/06 09:00,11936.17037
2018/07/06 12:00,12595.06667
2018/07/06 15:00,12685.65926
2018/07/06 18:00,12230.9
2018/07/06 21:00,12487.24144
2018/07/07 00:00,13679.14444
2018/07/07 03:00,11758.12593
2018/07/07 06:00,9787.540741
2018/07/07 09:00,9600.703704
2018/07/07 12:00,12133.93218
2018/07/07 15:00,11066.74074
2018/07/07 18:00,11767.68889
2018/07/07 21:00,13037.47407
2018/07/08 00:00,13743.22222
2018/07/08 03:00,11470.57778
2018/07/08 06:00,10003.36296
2018/07/08 09:00,11223.87037
2018/07/08 12:00,12146.73333
2018/07/08 15:00,14787.97407
2018/07/08 18:00,11494.80741
2018/07/08 21:00,13688.8963
2018/07/09 00:00,13210.68889
2018/07/09 03:00,10832.37778
2018/07/09 06:00,10699.64074
2018/07/09 09:00,11963.92963
2018/07/09 12:00,11421.47407
2018/07/09 15:00,14910.01481
2018/07/09 18:00,14993.01481
2018/07/09 21:00,13503.44074
2018/07/10 00:00,14029.48889
2018/07/10 03:00,11681.16667
2018/07/10 06:00,9136.318519
2018/07/10 09:00,12160.47037
2018/07/10 12:00,13572.47407
2018/07/10 15:00,13007.64815
2018/07/10 18:00,12954.82593
2018/07/10 21:00,14386.91955
2018/07/11 00:00,14355.90741
2018/07/11 03:00,12216.26296
2018/07/11 06:00,10235.54074
2018/07/11 09:00,12139.06111
2018/07/11 12:00,13693.11584
2018/07/11 15:00,13462.01481
2018/07/11 18:00,12993.0037
2018/07/11 21:00,13737.41481
2018/07/12 00:00,14413.37037
2018/07/12 03:00,10580.15185
2018/07/12 06:00,9033.277778
2018/07/12 09:00,11651.65741
2018/07/12 12:00,13982.94177
2018/07/12 15:00,14188.95185
2018/07/12 18:00,14518.27778
2018/07/12 21:00,13567.42593
2018/07/13 00:00,13124.1
2018/07/13 03:00,11597.95185
2018/07/13 06:00,9264.72963
2018/07/13 09:00,11964.41296
2018/07/13 12:00,12941.97901
2018/07/13 15:00,12342.61481
2018/07/13 18:00,13556.01481
2018/07/13 21:00,12506.54815
2018/07/14 00:00,12813.21852
2018/07/14 03:00,11807.66296
2018/07/14 06:00,9253.888889
2018/07/14 09:00,11618.97407
2018/07/14 12:00,12299.59753
2018/07/14 15:00,12736.36667
2018/07/14 18:00,13417.96667
2018/07/14 21:00,12412.05658
2018/07/15 00:00,12451.47778
2018/07/15 03:00,11051.88519
2018/07/15 06:00,9032.685185
2018/07/15 09:00,12083.57222
2018/07/15 12:00,12382.35926
2018/07/15 15:00,12615.78889
2018/07/15 18:00,10216.22222
2018/07/15 21:00,11146.77037
2018/07/16 00:00,11941.22222
2018/07/16 03:00,9368.522222
2018/07/16 06:00,7919.411111
2018/07/16 09:00,7977.818519
2018/07/16 12:00,10155.75556
2018/07/16 15:00,12714.84444
2018/07/16 18:00,11418.42222
2018/07/16 21:00,9617.87037
2018/07/17 00:00,13970.5963
2018/07/17 03:00,11769.94074
2018/07/17 06:00,9313.448148
2018/07/17 09:00,10028.85185
2018/07/17 12:00,12880.1037
2018/07/17 15:00,11546.62963
2018/07/17 18:00,12164.17037
2018/07/17 21:00,11861.26914
2018/07/18 00:00,14481.05556
2018/07/18 03:00,12202.74074
2018/07/18 06:00,9934.503704
2018/07/18 09:00,11325.52222
2018/07/18 12:00,11993.94444
2018/07/18 15:00,12162.44815
2018/07/18 18:00,12485.11481
2018/07/18 21:00,12511.83926
2018/07/19 00:00,13220.19259
2018/07/19 03:00,11948.0963
2018/07/19 06:00,10344.3963
2018/07/19 09:00,11942.72593
2018/07/19 12:00,11591.05397
2018/07/19 15:00,12793.17037
2018/07/19 18:00,12246.65926
2018/07/19 21:00,11734.78815
2018/07/20 00:00,12765.36667
2018/07/20 03:00,11831.90463
2018/07/20 06:00,9345.259259
2018/07/20 09:00,12085.6
2018/07/20 12:00,12475.85926
2018/07/20 15:00,12669.73333
2018/07/20 18:00,13281.45926
2018/07/20 21:00,12330.14444
2018/07/21 00:00,14331.23704
2018/07/21 03:00,13107.77037
2018/07/21 06:00,9207.474074
2018/07/21 09:00,12501.35926
2018/07/21 12:00,10907.07881
2018/07/21 15:00,12394.66667
2018/07/21 18:00,12827.92222
2018/07/21 21:00,11404.25741
2018/07/22 00:00,11566.34444
2018/07/22 03:00,12674.3
2018/07/22 06:00,11591.31481
2018/07/22 09:00,13034.80833
2018/07/22 12:00,11467.95185
2018/07/22 15:00,13735.8037
2018/07/22 18:00,13068.95926
2018/07/22 21:00,11299.32222
2018/07/23 00:00,13295.6037
2018/07/23 03:00,9995.825926
2018/07/23 06:00,9333.192593
2018/07/23 09:00,13329.08519
2018/07/23 12:00,12796.09144
2018/07/23 15:00,12275.43704
2018/07/23 18:00,12782.91111
2018/07/23 21:00,13012.15556
2018/07/24 00:00,13780.78148
2018/07/24 03:00,12493.38889
2018/07/24 06:00,10305.03333
2018/07/24 09:00,13064.00093
2018/07/24 12:00,12828.11481
2018/07/24 15:00,13205.16296
2018/07/24 18:00,13172.5037
2018/07/24 21:00,12044.85556
2018/07/25 00:00,12702.24444
2018/07/25 03:00,12288.95093
2018/07/25 06:00,10863.91111
2018/07/25 09:00,12885.98148
2018/07/25 12:00,14023.98519
2018/07/25 15:00,12975.5
2018/07/25 18:00,13540.43704
2018/07/25 21:00,13020.81111
2018/07/26 00:00,14365.20741
2018/07/26 03:00,12915.51019
2018/07/26 06:00,12094.52963
2018/07/26 09:00,12859.45185
2018/07/26 12:00,12348.26543
2018/07/26 15:00,13388.12963
2018/07/26 18:00,13324.47407
2018/07/26 21:00,13412.78148
2018/07/27 00:00,12396.90741
2018/07/27 03:00,12205.46574
2018/07/27 06:00,10552.57037
2018/07/27 09:00,12594.90741
2018/07/27 12:00,13111.32593
2018/07/27 15:00,13431.42963
2018/07/27 18:00,13343.5037
2018/07/27 21:00,13595.04815
2018/07/28 00:00,15166.91852
2018/07/28 03:00,12480.92963
2018/07/28 06:00,11063.2037
2018/07/28 09:00,12751.41481
2018/07/28 12:00,12861.42963
2018/07/28 15:00,13232.16296
2018/07/28 18:00,13423.77407
2018/07/28 21:00,12967.30741
2018/07/29 00:00,13858.26296
2018/07/29 03:00,12543.81389
2018/07/29 06:00,11447.4
2018/07/29 09:00,12507.75185
2018/07/29 12:00,13217.7908
2018/07/29 15:00,13248.85185
2018/07/29 18:00,12818.72593
2018/07/29 21:00,12893.28519
2018/07/30 00:00,13821.56667
2018/07/30 03:00,12768.24444
2018/07/30 06:00,10777.37778
2018/07/30 09:00,11764.5037
2018/07/30 12:00,13427.91415
2018/07/30 15:00,13622.77407
2018/07/30 18:00,13506.31111
2018/07/30 21:00,13664.18175
2018/07/31 00:00,14087.64444
2018/07/31 03:00,12504.67407
2018/07/31 06:00,10738.71111
2018/07/31 09:00,11346.11481
2018/07/31 12:00,12414.32191
2018/07/31 15:00,14051.0037
2018/07/31 18:00,13810.15926
2018/07/31 21:00,11850.32222
2018/08/01 00:00,9618.044444
2018/08/01 03:00,1204.188889
2018/08/01 06:00,636.4777778
2018/08/01 09:00,6245.787037
2018/08/01 12:00,5220.392593
2018/08/01 15:00,5297.085185
2018/08/01 18:00,4549.996296
2018/08/01 21:00,5823.611111
2018/08/02 00:00,6597.266667
2018/08/02 03:00,5767.011111
2018/08/02 06:00,5344.8
2018/08/02 09:00,7019.311111
2018/08/02 12:00,6890.781481
2018/08/02 15:00,6719.259259
2018/08/02 18:00,6231.525926
2018/08/02 21:00,7265.959259
2018/08/03 00:00,7987.814815
2018/08/03 03:00,3637.514815
2018/08/03 06:00,3127.581481
2018/08/03 09:00,4555.918519
2018/08/03 12:00,3879.951852
2018/08/03 15:00,2481.57037
2018/08/03 18:00,2488.533333
2018/08/03 21:00,3295.47037
2018/08/04 00:00,7363.625926
2018/08/04 03:00,3801.692593
2018/08/04 06:00,1598.259259
2018/08/04 09:00,3506.633333
2018/08/04 12:00,3160.859259
2018/08/04 15:00,1599.992593
2018/08/04 18:00,1437.085185
2018/08/04 21:00,2750.437037
2018/08/05 00:00,6675.455556
2018/08/05 03:00,3700.111111
2018/08/05 06:00,2951.425926
2018/08/05 09:00,4985.022222
2018/08/05 12:00,6356.137037
2018/08/05 15:00,4725.111111
2018/08/05 18:00,5233.351852
2018/08/05 21:00,6159.462963
2018/08/06 00:00,11609.79259
2018/08/06 03:00,11643.53704
2018/08/06 06:00,11446.62593
2018/08/06 09:00,11995.24444
2018/08/06 12:00,11852.36667
2018/08/06 15:00,12543.64444
2018/08/06 18:00,13304.15556
2018/08/06 21:00,13189.78889
2018/08/07 00:00,13881.26296
2018/08/07 03:00,10764.48148
2018/08/07 06:00,11516.32222
2018/08/07 09:00,12793.8
2018/08/07 12:00,12810.98889
2018/08/07 15:00,13356.02222
2018/08/07 18:00,12483.35185
2018/08/07 21:00,13271.37407
2018/08/08 00:00,15552.19259
2018/08/08 03:00,12241.44074
2018/08/08 06:00,12166.7037
2018/08/08 09:00,11127.57037
2018/08/08 12:00,13191.79794
2018/08/08 15:00,11995.47778
2018/08/08 18:00,12390.44074
2018/08/08 21:00,12994.18889
2018/08/09 00:00,15136.72222
2018/08/09 03:00,9175.040741
2018/08/09 06:00,10867.95556
2018/08/09 09:00,12593.06296
2018/08/09 12:00,12455.24547
2018/08/09 15:00,13543.43704
2018/08/09 18:00,12031.62593
2018/08/09 21:00,11454.68519
2018/08/10 00:00,12122.13333
2018/08/10 03:00,10191.07778
2018/08/10 06:00,9336.388889
2018/08/10 09:00,11617.12222
2018/08/10 12:00,12628.86276
2018/08/10 15:00,12239.22222
2018/08/10 18:00,12550.58148
2018/08/10 21:00,13226.55617
2018/08/11 00:00,12701.37407
2018/08/11 03:00,11597.99259
2018/08/11 06:00,10581.91852
2018/08/11 09:00,11258.37593
2018/08/11 12:00,13187.73333
2018/08/11 15:00,13195.7963
2018/08/11 18:00,13019.48519
2018/08/11 21:00,12791.31481
2018/08/12 00:00,15832.70741
2018/08/12 03:00,11462.21111
2018/08/12 06:00,11642.37778
2018/08/12 09:00,12685.33704
2018/08/12 12:00,12821.33333
2018/08/12 15:00,11972.29259
2018/08/12 18:00,12154.78889
2018/08/12 21:00,12982.82593
2018/08/13 00:00,15831.82963
2018/08/13 03:00,10758.45926
2018/08/13 06:00,10319.18889
2018/08/13 09:00,12087.59259
2018/08/13 12:00,12237.53333
2018/08/13 15:00,11239.12593
2018/08/13 18:00,11690.98889
2018/08/13 21:00,9992.151852
2018/08/14 00:00,14407.56667
2018/08/14 03:00,11244.74074
2018/08/14 06:00,10590.15926
2018/08/14 09:00,10546.7537
2018/08/14 12:00,11017.71955
2018/08/14 15:00,11444.34815
2018/08/14 18:00,11895.44815
2018/08/14 21:00,10853.27778
2018/08/15 00:00,13496.39259
2018/08/15 03:00,11015.08148
2018/08/15 06:00,10167.23333
2018/08/15 09:00,11557.09444
2018/08/15 12:00,13320.51235
2018/08/15 15:00,11864.74074
2018/08/15 18:00,12371.51481
2018/08/15 21:00,12744.7544
2018/08/16 00:00,13537.57778
2018/08/16 03:00,11187.89259
2018/08/16 06:00,11257.34444
2018/08/16 09:00,12423.52778
2018/08/16 12:00,12777.78889
2018/08/16 15:00,13545.05288
2018/08/16 18:00,12066.67778
2018/08/16 21:00,11174.67037
2018/08/17 00:00,12676.34774
2018/08/17 03:00,10858.40741
2018/08/17 06:00,7955.018519
2018/08/17 09:00,10978.96296
2018/08/17 12:00,11987.92407
2018/08/17 15:00,9863.007407
2018/08/17 18:00,11400.47407
2018/08/17 21:00,11518.12593
2018/08/18 00:00,13012.2963
2018/08/18 03:00,9279.388889
2018/08/18 06:00,7863.496296
2018/08/18 09:00,11852.98333
2018/08/18 12:00,11438.37778
2018/08/18 15:00,12935.15
2018/08/18 18:00,12084.20741
2018/08/18 21:00,11395.00741
2018/08/19 00:00,14006.47407
2018/08/19 03:00,10911.22593
2018/08/19 06:00,10109.76667
2018/08/19 09:00,11342.91481
2018/08/19 12:00,12185.27071
2018/08/19 15:00,11892.07778
2018/08/19 18:00,11707.81852
2018/08/19 21:00,11912.26508
2018/08/20 00:00,14196.32593
2018/08/20 03:00,10995.48519
2018/08/20 06:00,10224.40741
2018/08/20 09:00,11363.68148
2018/08/20 12:00,10562.34259
2018/08/20 15:00,13086.23704
2018/08/20 18:00,12031.25185
2018/08/20 21:00,11842.8963
2018/08/21 00:00,13123.4963
2018/08/21 03:00,11886.10741
2018/08/21 06:00,7627.962963
2018/08/21 09:00,12066.22963
2018/08/21 12:00,11424.8963
2018/08/21 15:00,12662.49259
2018/08/21 18:00,13483.90741
2018/08/21 21:00,12130.31481
2018/08/22 00:00,14013.3
2018/08/22 03:00,12086.06667
2018/08/22 06:00,11387.52222
2018/08/22 09:00,12058.08889
2018/08/22 12:00,11595.01111
2018/08/22 15:00,12989.01111
2018/08/22 18:00,13324.45556
2018/08/22 21:00,12936.06296
2018/08/23 00:00,13427.32963
2018/08/23 03:00,11693.25926
2018/08/23 06:00,11476.6
2018/08/23 09:00,12452.98148
2018/08/23 12:00,11879.17407
2018/08/23 15:00,13241.85926
2018/08/23 18:00,11172.34074
2018/08/23 21:00,13434.28251
2018/08/24 00:00,15786.03704
2018/08/24 03:00,11545.17778
2018/08/24 06:00,10418.47407
2018/08/24 09:00,10259.19259
2018/08/24 12:00,12503.40741
2018/08/24 15:00,11602.84815
2018/08/24 18:00,11111.99259
2018/08/24 21:00,12341.33506
2018/08/25 00:00,13680.33292
2018/08/25 03:00,11515.87037
2018/08/25 06:00,8844.996296
2018/08/25 09:00,12017.45185
2018/08/25 12:00,13031.94259
2018/08/25 15:00,12623.60741
2018/08/25 18:00,12051.07778
2018/08/25 21:00,11177.81852
2018/08/26 00:00,14399.87407
2018/08/26 03:00,11593.32593
2018/08/26 06:00,9695.325926
2018/08/26 09:00,10070.5963
2018/08/26 12:00,13316.12963
2018/08/26 15:00,12602.85556
2018/08/26 18:00,12181.72963
2018/08/26 21:00,11290.84444
2018/08/27 00:00,14990.70741
2018/08/27 03:00,12022.99167
2018/08/27 06:00,11463.25185
2018/08/27 09:00,9591.166667
2018/08/27 12:00,12603.56765
2018/08/27 15:00,13868.50741
2018/08/27 18:00,12871.2963
2018/08/27 21:00,11844.67778
2018/08/28 00:00,13984.8963
2018/08/28 03:00,10469.03333
2018/08/28 06:00,11585.41852
2018/08/28 09:00,11329.04444
2018/08/28 12:00,11866.29444
2018/08/28 15:00,13765.2037
2018/08/28 18:00,12763.19259
2018/08/28 21:00,12028.20185
2018/08/29 00:00,14042.60741
2018/08/29 03:00,10286.28148
2018/08/29 06:00,9903.092593
2018/08/29 09:00,12210.24074
2018/08/29 12:00,11951.93148
2018/08/29 15:00,12794.47222
2018/08/29 18:00,13050.10006
2018/08/29 21:00,13170.91296
2018/08/30 00:00,13431.17407
2018/08/30 03:00,11402.28519
2018/08/30 06:00,10827.24074
2018/08/30 09:00,11983.38889
2018/08/30 12:00,14027.45185
2018/08/30 15:00,12717.92778
2018/08/30 18:00,13109.13148
2018/08/30 21:00,13405.11667
2018/08/31 00:00,13475.51111
2018/08/31 03:00,11792.44074
2018/08/31 06:00,9551.892593
2018/08/31 09:00,11375.01852
2018/08/31 12:00,13617.3
2018/08/31 15:00,12300.1
2018/08/31 18:00,12131.4
2018/08/31 21:00,13505.09259
2018/09/01 00:00,10737.01111
2018/09/01 03:00,1879.266667
2018/09/01 06:00,2011.211111
2018/09/01 09:00,5723.692593
2018/09/01 12:00,6525.301852
2018/09/01 15:00,4806.914815
2018/09/01 18:00,4228.611111
2018/09/01 21:00,5488.561111
2018/09/02 00:00,7460.037037
2018/09/02 03:00,4789.037037
2018/09/02 06:00,3028.396296
2018/09/02 09:00,7596.714815
2018/09/02 12:00,7907.975926
2018/09/02 15:00,6324.214815
2018/09/02 18:00,5989.314815
2018/09/02 21:00,7333.840741
2018/09/03 00:00,7438.392593
2018/09/03 03:00,2663.285185
2018/09/03 06:00,1214.759259
2018/09/03 09:00,3282.444444
2018/09/03 12:00,2832.392593
2018/09/03 15:00,1941.477778
2018/09/03 18:00,3810.592593
2018/09/03 21:00,4296.07037
2018/09/04 00:00,7314.218519
2018/09/04 03:00,1596.277778
2018/09/04 06:00,261.2777778
2018/09/04 09:00,3842.018519
2018/09/04 12:00,2598.440741
2018/09/04 15:00,1351.192593
2018/09/04 18:00,1293.814815
2018/09/04 21:00,4747.322222
2018/09/05 00:00,5395.825926
2018/09/05 03:00,3189.974074
2018/09/05 06:00,3085.459259
2018/09/05 09:00,6629.081481
2018/09/05 12:00,5819.448148
2018/09/05 15:00,6558.3
2018/09/05 18:00,5759.522222
2018/09/05 21:00,6597.892593
2018/09/06 00:00,11323.52963
2018/09/06 03:00,9386.044444
2018/09/06 06:00,10063.35556
2018/09/06 09:00,10772.72963
2018/09/06 12:00,12026.12222
2018/09/06 15:00,11941.33333
2018/09/06 18:00,11929.87037
2018/09/06 21:00,10910.11111
2018/09/07 00:00,12677.58519
2018/09/07 03:00,9638.603704
2018/09/07 06:00,8628.733333
2018/09/07 09:00,11441.5963
2018/09/07 12:00,14339.93241
2018/09/07 15:00,12549.01852
2018/09/07 18:00,12080.44815
2018/09/07 21:00,11761.5963
2018/09/08 00:00,13178.02222
2018/09/08 03:00,10701.23704
2018/09/08 06:00,8793.755556
2018/09/08 09:00,9897.418519
2018/09/08 12:00,13075.48148
2018/09/08 15:00,13608.79111
2018/09/08 18:00,12949.42963
2018/09/08 21:00,12951.78889
2018/09/09 00:00,13873.22222
2018/09/09 03:00,10135.1
2018/09/09 06:00,9476.351852
2018/09/09 09:00,11446.73333
2018/09/09 12:00,14028.39733
2018/09/09 15:00,13185.44918
2018/09/09 18:00,12971.08992
2018/09/09 21:00,13038.4037
2018/09/10 00:00,14384.1
2018/09/10 03:00,10013.92222
2018/09/10 06:00,9920.414815
2018/09/10 09:00,10939.73333
2018/09/10 12:00,12516.6
2018/09/10 15:00,13462.2037
2018/09/10 18:00,11932.23333
2018/09/10 21:00,13208.5963
2018/09/11 00:00,14922.0037
2018/09/11 03:00,8800.637037
2018/09/11 06:00,8471.588889
2018/09/11 09:00,10809.71111
2018/09/11 12:00,13261.09794
2018/09/11 15:00,12810.42593
2018/09/11 18:00,13822.68621
2018/09/11 21:00,14128.91111
2018/09/12 00:00,14431.7107
2018/09/12 03:00,10109.66296
2018/09/12 06:00,8311.288889
2018/09/12 09:00,12723.91296
2018/09/12 12:00,13876.06296
2018/09/12 15:00,13186.84444
2018/09/12 18:00,13316.57881
2018/09/12 21:00,13244.96157
2018/09/13 00:00,12228.43292
2018/09/13 03:00,10802.03704
2018/09/13 06:00,9591.344444
2018/09/13 09:00,11549.19815
2018/09/13 12:00,13183.35926
2018/09/13 15:00,11645.98519
2018/09/13 18:00,12587.36901
2018/09/13 21:00,13012.28148
2018/09/14 00:00,14841.34815
2018/09/14 03:00,10776.88889
2018/09/14 06:00,9723.540741
2018/09/14 09:00,12855.88704
2018/09/14 12:00,13349.28241
2018/09/14 15:00,12749.66667
2018/09/14 18:00,12600.16852
2018/09/14 21:00,13752.39815
2018/09/15 00:00,14549.53663
2018/09/15 03:00,10765.14815
2018/09/15 06:00,9531.8
2018/09/15 09:00,11522.44444
2018/09/15 12:00,13627.84198
2018/09/15 15:00,13546.2179
2018/09/15 18:00,12160.36111
2018/09/15 21:00,13348.14198
2018/09/16 00:00,14545.59259
2018/09/16 03:00,10365.33704
2018/09/16 06:00,9188.725926
2018/09/16 09:00,12379.22593
2018/09/16 12:00,12945.20288
2018/09/16 15:00,12782.79259
2018/09/16 18:00,13354.1677
2018/09/16 21:00,13917.30926
2018/09/17 00:00,14539.56296
2018/09/17 03:00,11294.0037
2018/09/17 06:00,9449.751852
2018/09/17 09:00,11624.31235
2018/09/17 12:00,12859.56119
2018/09/17 15:00,11975.63567
2018/09/17 18:00,12163.04444
2018/09/17 21:00,12067.70741
2018/09/18 00:00,12871.66667
2018/09/18 03:00,10637.1963
2018/09/18 06:00,8594.638889
2018/09/18 09:00,12763.24444
2018/09/18 12:00,13918.775
2018/09/18 15:00,12324.50473
2018/09/18 18:00,13321.79815
2018/09/18 21:00,13937.05741
2018/09/19 00:00,14163.45926
2018/09/19 03:00,10736.9037
2018/09/19 06:00,10225.52222
2018/09/19 09:00,11819.07222
2018/09/19 12:00,13816.42407
2018/09/19 15:00,12409.04074
2018/09/19 18:00,11815.44286
2018/09/19 21:00,13672.47037
2018/09/20 00:00,13925.52593
2018/09/20 03:00,10561.78889
2018/09/20 06:00,8942.57037
2018/09/20 09:00,12662.12407
2018/09/20 12:00,12548.34815
2018/09/20 15:00,11536.27778
2018/09/20 18:00,11673.40741
2018/09/20 21:00,12676.88962
2018/09/21 00:00,14072.64815
2018/09/21 03:00,11083.9213
2018/09/21 06:00,8573.340741
2018/09/21 09:00,12562.7
2018/09/21 12:00,12274.6037
2018/09/21 15:00,11524.96025
2018/09/21 18:00,12274.39259
2018/09/21 21:00,12966.97778
2018/09/22 00:00,13452.02551
2018/09/22 03:00,11284.84815
2018/09/22 06:00,9593.466667
2018/09/22 09:00,12348.06667
2018/09/22 12:00,12871.38519
2018/09/22 15:00,12966.34074
2018/09/22 18:00,12410.76667
2018/09/22 21:00,13484.08148
2018/09/23 00:00,14378.73704
2018/09/23 03:00,11494.82963
2018/09/23 06:00,10363.12963
2018/09/23 09:00,11059.27778
2018/09/23 12:00,12244.81944
2018/09/23 15:00,12865.11111
2018/09/23 18:00,11557.57778
2018/09/23 21:00,13374.675
2018/09/24 00:00,12806.68889
2018/09/24 03:00,11197.53704
2018/09/24 06:00,9986.32963
2018/09/24 09:00,10775.88889
2018/09/24 12:00,12335.04914
2018/09/24 15:00,12087.95556
2018/09/24 18:00,12297.37407
2018/09/24 21:00,12130.2537
2018/09/25 00:00,14436.14444
2018/09/25 03:00,10369.64074
2018/09/25 06:00,7373.437037
2018/09/25 09:00,10735.04568
2018/09/25 12:00,13170.89938
2018/09/25 15:00,11699.65634
2018/09/25 18:00,12129.48247
2018/09/25 21:00,12616.5463
2018/09/26 00:00,12784.75556
2018/09/26 03:00,10651.02222
2018/09/26 06:00,8831.662963
2018/09/26 09:00,10448.76667
2018/09/26 12:00,13881.85741
2018/09/26 15:00,13128.84259
2018/09/26 18:00,12559.15625
2018/09/26 21:00,13064.12222
2018/09/27 00:00,11930.05556
2018/09/27 03:00,8151.722222
2018/09/27 06:00,8317.448148
2018/09/27 09:00,12291.85741
2018/09/27 12:00,13451.14074
2018/09/27 15:00,13674.47477
2018/09/27 18:00,12567.46597
2018/09/27 21:00,13707.04815
2018/09/28 00:00,15487.7
2018/09/28 03:00,11144.15556
2018/09/28 06:00,9323.537037
2018/09/28 09:00,11474.35185
2018/09/28 12:00,13181.56667
2018/09/28 15:00,12754.92407
2018/09/28 18:00,12212.3463
2018/09/28 21:00,13769.80106
2018/09/29 00:00,14676.58148
2018/09/29 03:00,10951.8037
2018/09/29 06:00,9678.437037
2018/09/29 09:00,12585.57185
2018/09/29 12:00,13865.9
2018/09/29 15:00,11689.59815
2018/09/29 18:00,11575.6
2018/09/29 21:00,11852.57963
2018/09/30 00:00,14338.62222
2018/09/30 03:00,9405.673148
2018/09/30 06:00,8031.118519
2018/09/30 09:00,12354.96296
2018/09/30 12:00,14307.03175
2018/09/30 15:00,13076.97562
2018/09/30 18:00,12964.92634
2018/09/30 21:00,13661.4836
2018/10/01 00:00,12440.24074
2018/10/01 03:00,1033.1
2018/10/01 06:00,1265.9
2018/10/01 09:00,4303.651852
2018/10/01 12:00,5080.944444
2018/10/01 15:00,6515.214815
2018/10/01 18:00,6854.348148
2018/10/01 21:00,6859.994444
2018/10/02 00:00,7203.22963
2018/10/02 03:00,4665.614815
2018/10/02 06:00,3543.359259
2018/10/02 09:00,6509.27037
2018/10/02 12:00,7627.048148
2018/10/02 15:00,7991.659259
2018/10/02 18:00,8349.362963
2018/10/02 21:00,8249.887037
2018/10/03 00:00,7183.951852
2018/10/03 03:00,2022.888889
2018/10/03 06:00,1762.948148
2018/10/03 09:00,3814.377778
2018/10/03 12:00,3341.985185
2018/10/03 15:00,2289.488889
2018/10/03 18:00,1825.8
2018/10/03 21:00,2493.162963
2018/10/04 00:00,7004.82963
2018/10/04 03:00,1696.433333
2018/10/04 06:00,933.1333333
2018/10/04 09:00,4169.381481
2018/10/04 12:00,4630.592593
2018/10/04 15:00,2404.874074
2018/10/04 18:00,1847.314815
2018/10/04 21:00,1784.67037
2018/10/05 00:00,7454.351852
2018/10/05 03:00,3793.292593
2018/10/05 06:00,2805.692593
2018/10/05 09:00,5574.259259
2018/10/05 12:00,4872.607407
2018/10/05 15:00,5345.97037
2018/10/05 18:00,6017.525926
2018/10/05 21:00,4615.777778
2018/10/06 00:00,10260.98148
2018/10/06 03:00,10002.52963
2018/10/06 06:00,9043.043519
2018/10/06 09:00,11603
2018/10/06 12:00,12300.72593
2018/10/06 15:00,10899.96296
2018/10/06 18:00,9959.37037
2018/10/06 21:00,12338.56667
2018/10/07 00:00,12332.02593
2018/10/07 03:00,9341.732407
2018/10/07 06:00,8211.814815
2018/10/07 09:00,12876.29259
2018/10/07 12:00,12943.55556
2018/10/07 15:00,11029.7963
2018/10/07 18:00,10996.94815
2018/10/07 21:00,11734.30741
2018/10/08 00:00,11600.2963
2018/10/08 03:00,9194.811111
2018/10/08 06:00,8443.32963
2018/10/08 09:00,12093.31852
2018/10/08 12:00,11666.76996
2018/10/08 15:00,12003.72222
2018/10/08 18:00,12457.5963
2018/10/08 21:00,11600.77037
2018/10/09 00:00,11672.93704
2018/10/09 03:00,8822.466667
2018/10/09 06:00,7893.522222
2018/10/09 09:00,11207.02222
2018/10/09 12:00,12688.60963
2018/10/09 15:00,14081.74815
2018/10/09 18:00,13667.37407
2018/10/09 21:00,12989.09259
2018/10/10 00:00,13539.79259
2018/10/10 03:00,10155.53704
2018/10/10 06:00,7815.859259
2018/10/10 09:00,11817.15556
2018/10/10 12:00,13989.83519
2018/10/10 15:00,14305.39136
2018/10/10 18:00,13440.34815
2018/10/10 21:00,12732.3037
2018/10/11 00:00,12952.31111
2018/10/11 03:00,10449.70741
2018/10/11 06:00,8352.918519
2018/10/11 09:00,8522.521759
2018/10/11 12:00,14104.42222
2018/10/11 15:00,11867.98519
2018/10/11 18:00,13205.16605
2018/10/11 21:00,13784.05926
2018/10/12 00:00,14593.66996
2018/10/12 03:00,8917.469444
2018/10/12 06:00,8293.451852
2018/10/12 09:00,12558.86296
2018/10/12 12:00,14395.96667
2018/10/12 15:00,14479.58185
2018/10/12 18:00,14271.4537
2018/10/12 21:00,14183.34815
2018/10/13 00:00,15099.65185
2018/10/13 03:00,10099.49537
2018/10/13 06:00,8661.240741
2018/10/13 09:00,12070.02222
2018/10/13 12:00,13291.9963
2018/10/13 15:00,9972.333333
2018/10/13 18:00,11952.97407
2018/10/13 21:00,10428.06667
2018/10/14 00:00,11622.07778
2018/10/14 03:00,5255.285185
2018/10/14 06:00,7960.111111
2018/10/14 09:00,5687.462963
2018/10/14 12:00,11012.72963
2018/10/14 15:00,10528.21746
2018/10/14 18:00,10520.18519
2018/10/14 21:00,11789.87407
2018/10/15 00:00,11868.82963
2018/10/15 03:00,7369.692593
2018/10/15 06:00,7432.2
2018/10/15 09:00,10245.90741
2018/10/15 12:00,11040.31852
2018/10/15 15:00,10618.21746
2018/10/15 18:00,12391.11852
2018/10/15 21:00,11025.14938
2018/10/16 00:00,13249.25556
2018/10/16 03:00,10994.83611
2018/10/16 06:00,10257.18519
2018/10/16 09:00,12636.99259
2018/10/16 12:00,11465.24815
2018/10/16 15:00,11346.97222
2018/10/16 18:00,13949.76111
2018/10/16 21:00,13493.20741
2018/10/17 00:00,14256.67737
2018/10/17 03:00,10318.42593
2018/10/17 06:00,8573.933333
2018/10/17 09:00,12436.8963
2018/10/17 12:00,14134.96296
2018/10/17 15:00,9333.833333
2018/10/17 18:00,11980.83704
2018/10/17 21:00,11004.47778
2018/10/18 00:00,13368.05185
2018/10/18 03:00,9164.89537
2018/10/18 06:00,8519.259259
2018/10/18 09:00,10768.10324
2018/10/18 12:00,11745.68889
2018/10/18 15:00,12922.22222
2018/10/18 18:00,11394.76235
2018/10/18 21:00,13078.32222
2018/10/19 00:00,12355.2963
2018/10/19 03:00,6847.781481
2018/10/19 06:00,7696.581481
2018/10/19 09:00,8036.196296
2018/10/19 12:00,12346.17407
2018/10/19 15:00,12145.59259
2018/10/19 18:00,11037.75556
2018/10/19 21:00,11907.35556
2018/10/20 00:00,14005.64074
2018/10/20 03:00,9820.585185
2018/10/20 06:00,6280.881481
2018/10/20 09:00,11429.14444
2018/10/20 12:00,12719.29444
2018/10/20 15:00,12683.92126
2018/10/20 18:00,12071.09259
2018/10/20 21:00,13195.85556
2018/10/21 00:00,14462.38477
2018/10/21 03:00,10938.08056
2018/10/21 06:00,8499.77037
2018/10/21 09:00,9708.081481
2018/10/21 12:00,13352.76101
2018/10/21 15:00,13618.53062
2018/10/21 18:00,13002.05051
2018/10/21 21:00,14083.01852
2018/10/22 00:00,14504.29588
2018/10/22 03:00,10443.62222
2018/10/22 06:00,8836.792593
2018/10/22 09:00,12054.78148
2018/10/22 12:00,13308.92507
2018/10/22 15:00,13225.64338
2018/10/22 18:00,12740.0741
2018/10/22 21:00,14334.78889
2018/10/23 00:00,14593.24815
2018/10/23 03:00,10628.51111
2018/10/23 06:00,10254.44444
2018/10/23 09:00,12573.75556
2018/10/23 12:00,14464.64815
2018/10/23 15:00,13449.64941
2018/10/23 18:00,13252.85602
2018/10/23 21:00,14230.95926
2018/10/24 00:00,15007.41111
2018/10/24 03:00,10044.0963
2018/10/24 06:00,9116.051852
2018/10/24 09:00,12603.51852
2018/10/24 12:00,13088.91849
2018/10/24 15:00,12427.97341
2018/10/24 18:00,13479.77778
2018/10/24 21:00,13733.98519
2018/10/25 00:00,15268.03704
2018/10/25 03:00,10271.24537
2018/10/25 06:00,9642.422222
2018/10/25 09:00,12767.74815
2018/10/25 12:00,13196.94815
2018/10/25 15:00,12872.45278
2018/10/25 18:00,13378.28871
2018/10/25 21:00,13905.62963
2018/10/26 00:00,14391.81811
2018/10/26 03:00,10404.53056
2018/10/26 06:00,10428.55463
2018/10/26 09:00,12997.27778
2018/10/26 12:00,13231.23704
2018/10/26 15:00,11721.00417
2018/10/26 18:00,13232.01852
2018/10/26 21:00,13401.87685
2018/10/27 00:00,13244.31481
2018/10/27 03:00,7944.856481
2018/10/27 06:00,9994.937037
2018/10/27 09:00,11293.42963
2018/10/27 12:00,13282.72593
2018/10/27 15:00,14372.2
2018/10/27 18:00,13922.72963
2018/10/27 21:00,13261.40741
2018/10/28 00:00,13008.99259
2018/10/28 03:00,8882.7
2018/10/28 06:00,6927.396296
2018/10/28 09:00,11453.9963
2018/10/28 12:00,13025.08333
2018/10/28 15:00,13579.64444
2018/10/28 18:00,13177.5963
2018/10/28 21:00,14718.41852
2018/10/29 00:00,13433.71481
2018/10/29 03:00,8540.737037
2018/10/29 06:00,1672.011111
2018/10/29 09:00,4314.225926
2018/10/29 12:00,6215.303704
2018/10/29 15:00,6040.355556
2018/10/29 18:00,9218.311111
2018/10/29 21:00,11890.6
2018/10/30 00:00,11495.6963
2018/10/30 03:00,2351.366667
2018/10/30 06:00,3706.396296
2018/10/30 09:00,2834.811111
2018/10/30 12:00,14610.93333
2018/10/30 15:00,15351.79306
2018/10/30 18:00,15893.53333
2018/10/30 21:00,16752.08148
2018/10/31 00:00,14108.01852
2018/10/31 03:00,7911.691667
2018/10/31 06:00,4420.374074
2018/10/31 09:00,8343.574074
2018/10/31 12:00,12604.5037
2018/10/31 15:00,11766.53333
2018/10/31 18:00,15954.15926
2018/10/31 21:00,16545.9037
2018/11/01 00:00,11021.45926
2018/11/01 03:00,828.6592593
2018/11/01 06:00,268.9148148
2018/11/01 09:00,5440.007407
2018/11/01 12:00,6528.988889
2018/11/01 15:00,5978.566667
2018/11/01 18:00,5272.105556
2018/11/01 21:00,5760.883333
2018/11/02 00:00,7772.503704
2018/11/02 03:00,2395.477778
2018/11/02 06:00,2615.262963
2018/11/02 09:00,6036.325926
2018/11/02 12:00,8570.92037
2018/11/02 15:00,8184.1
2018/11/02 18:00,8599.733333
2018/11/02 21:00,6998.992593
2018/11/03 00:00,8588.862963
2018/11/03 03:00,1568.925926
2018/11/03 06:00,1747.403704
2018/11/03 09:00,4455.092593
2018/11/03 12:00,3990.725926
2018/11/03 15:00,2728.333333
2018/11/03 18:00,3685.611111
2018/11/03 21:00,3704.466667
2018/11/04 00:00,8066.637037
2018/11/04 03:00,3028.177778
2018/11/04 06:00,384.9296296
2018/11/04 09:00,2728.303704
2018/11/04 12:00,4484.540741
2018/11/04 15:00,2989.681481
2018/11/04 18:00,2416.181481
2018/11/04 21:00,3408.922222
2018/11/05 00:00,7080.640741
2018/11/05 03:00,4676.525926
2018/11/05 06:00,3258.533333
2018/11/05 09:00,6614.896296
2018/11/05 12:00,7929.911111
2018/11/05 15:00,7817.148148
2018/11/05 18:00,7379.285185
2018/11/05 21:00,7296.922222
2018/11/06 00:00,11084.12222
2018/11/06 03:00,8910.314815
2018/11/06 06:00,8183.6
2018/11/06 09:00,9812.592593
2018/11/06 12:00,11964.32963
2018/11/06 15:00,10972.27778
2018/11/06 18:00,11326.44444
2018/11/06 21:00,12510.56296
2018/11/07 00:00,11582.11481
2018/11/07 03:00,9221.151852
2018/11/07 06:00,9058.881481
2018/11/07 09:00,8306.459259
2018/11/07 12:00,11538.67778
2018/11/07 15:00,12384.17778
2018/11/07 18:00,11888.58148
2018/11/07 21:00,13273.45185
2018/11/08 00:00,14079.37778
2018/11/08 03:00,10200.16296
2018/11/08 06:00,9011.444444
2018/11/08 09:00,10371.24074
2018/11/08 12:00,12290.78519
2018/11/08 15:00,13136.46667
2018/11/08 18:00,12487.26296
2018/11/08 21:00,13165.84815
2018/11/09 00:00,13237.24815
2018/11/09 03:00,8535.903704
2018/11/09 06:00,7166.981481
2018/11/09 09:00,11009.38148
2018/11/09 12:00,12423.16667
2018/11/09 15:00,11228.47407
2018/11/09 18:00,12331.16667
2018/11/09 21:00,12799.77037
2018/11/10 00:00,12834.11852
2018/11/10 03:00,10060.92963
2018/11/10 06:00,8705.588889
2018/11/10 09:00,9623.525926
2018/11/10 12:00,12993.03704
2018/11/10 15:00,12239.68889
2018/11/10 18:00,12623.68519
2018/11/10 21:00,12933.85185
2018/11/11 00:00,11885.94444
2018/11/11 03:00,8895.885185
2018/11/11 06:00,8927.592593
2018/11/11 09:00,9724.925926
2018/11/11 12:00,14165.98086
2018/11/11 15:00,13320.85494
2018/11/11 18:00,13918.46667
2018/11/11 21:00,13918.6821
2018/11/12 00:00,13617.47407
2018/11/12 03:00,10331.9963
2018/11/12 06:00,10333.1963
2018/11/12 09:00,11490.9
2018/11/12 12:00,14904.05556
2018/11/12 15:00,13675.07037
2018/11/12 18:00,15175.24815
2018/11/12 21:00,16080.7
2018/11/13 00:00,14925.81811
2018/11/13 03:00,10885.04074
2018/11/13 06:00,9821.533333
2018/11/13 09:00,11720.42593
2018/11/13 12:00,14114.91605
2018/11/13 15:00,14126.12346
2018/11/13 18:00,14063.4963
2018/11/13 21:00,14036.2963
2018/11/14 00:00,14743.34403
2018/11/14 03:00,10220.9963
2018/11/14 06:00,8788.009877
2018/11/14 09:00,11528.3
2018/11/14 12:00,13864.18272
2018/11/14 15:00,13431.33086
2018/11/14 18:00,13250.7
2018/11/14 21:00,12903.46481
2018/11/15 00:00,13464.76667
2018/11/15 03:00,9571.022222
2018/11/15 06:00,8462.188889
2018/11/15 09:00,11228.14815
2018/11/15 12:00,13634.80123
2018/11/15 15:00,13298.46049
2018/11/15 18:00,13360.28889
2018/11/15 21:00,14029.87037
2018/11/16 00:00,14304.12963
2018/11/16 03:00,8499.32963
2018/11/16 06:00,7579.344444
2018/11/16 09:00,11093.02593
2018/11/16 12:00,13340.2
2018/11/16 15:00,13633.06255
2018/11/16 18:00,14161.27778
2018/11/16 21:00,13754.65926
2018/11/17 00:00,14389.68889
2018/11/17 03:00,9667.685185
2018/11/17 06:00,9722.907407
2018/11/17 09:00,12847.28642
2018/11/17 12:00,12196.19028
2018/11/17 15:00,12009.62963
2018/11/17 18:00,12892.72963
2018/11/17 21:00,15511.84074
2018/11/18 00:00,14071.52963
2018/11/18 03:00,11237.07037
2018/11/18 06:00,8808.148148
2018/11/18 09:00,5762.077778
2018/11/18 12:00,13467.04815
2018/11/18 15:00,14477.64444
2018/11/18 18:00,13126.34815
2018/11/18 21:00,12548.52222
2018/11/19 00:00,12006.03704
2018/11/19 03:00,3172.637037
2018/11/19 06:00,2334.177778
2018/11/19 09:00,7376.27037
2018/11/19 12:00,13706.42963
2018/11/19 15:00,13963.05556
2018/11/19 18:00,12976.99074
2018/11/19 21:00,17939.05185
2018/11/20 00:00,15540.5963
2018/11/20 03:00,10858.41481
2018/11/20 06:00,7444.9
2018/11/20 09:00,5824.122222
2018/11/20 12:00,14612.86667
2018/11/20 15:00,12353.48519
2018/11/20 18:00,15219.1
2018/11/20 21:00,17310.88148
2018/11/21 00:00,10942.28889
2018/11/21 03:00,5492.011111
2018/11/21 06:00,6172.259259
2018/11/21 09:00,10221.21852
2018/11/21 12:00,11959.35926
2018/11/21 15:00,12302.11481
2018/11/21 18:00,11904.24861
2018/11/21 21:00,17474.82222
2018/11/22 00:00,14771.11111
2018/11/22 03:00,11081.74722
2018/11/22 06:00,8263.948148
2018/11/22 09:00,11179.22593
2018/11/22 12:00,14301.79021
2018/11/22 15:00,14228.23836
2018/11/22 18:00,15614.6963
2018/11/22 21:00,17125.05185
2018/11/23 00:00,15000.67407
2018/11/23 03:00,10667.44907
2018/11/23 06:00,7145.144444
2018/11/23 09:00,11515.28889
2018/11/23 12:00,13520.1963
2018/11/23 15:00,11745.17037
2018/11/23 18:00,11681.88519
2018/11/23 21:00,15430.97037
2018/11/24 00:00,16411.65926
2018/11/24 03:00,10860.79481
2018/11/24 06:00,9892.455556
2018/11/24 09:00,12588.68148
2018/11/24 12:00,14878.43704
2018/11/24 15:00,11794.41528
2018/11/24 18:00,14387.86667
2018/11/24 21:00,16698.1
2018/11/25 00:00,9724.244444
2018/11/25 03:00,3175.681481
2018/11/25 06:00,2348.82963
2018/11/25 09:00,7551.844444
2018/11/25 12:00,9798.72963
2018/11/25 15:00,10514.15185
2018/11/25 18:00,12580.87037
2018/11/25 21:00,12251.44815
2018/11/26 00:00,10918.65556
2018/11/26 03:00,-483.4
2018/11/26 06:00,1374.807407
2018/11/26 09:00,2734.82963
2018/11/26 12:00,10456.41481
2018/11/26 15:00,12351.44074
2018/11/26 18:00,13653.10741
2018/11/26 21:00,13703.90556
2018/11/27 00:00,14163.42963
2018/11/27 03:00,10780.93333
2018/11/27 06:00,9058.937037
2018/11/27 09:00,13840.81481
2018/11/27 12:00,11184.48889
2018/11/27 15:00,12152.5815
2018/11/27 18:00,12397.98519
2018/11/27 21:00,15625.34815
2018/11/28 00:00,14637.92593
2018/11/28 03:00,7697.507407
2018/11/28 06:00,7294.533333
2018/11/28 09:00,7181.907407
2018/11/28 12:00,12437.39198
2018/11/28 15:00,14000.756
2018/11/28 18:00,14580.05926
2018/11/28 21:00,15037.17407
2018/11/29 00:00,12776.62963
2018/11/29 03:00,9957.566667
2018/11/29 06:00,6470.251852
2018/11/29 09:00,10770.3963
2018/11/29 12:00,14187.64012
2018/11/29 15:00,11549.16667
2018/11/29 18:00,14378.95556
2018/11/29 21:00,14345.88519
2018/11/30 00:00,14001.35556
2018/11/30 03:00,5905.662037
2018/11/30 06:00,4808.051852
2018/11/30 09:00,10998.52963
2018/11/30 12:00,12723.21852
2018/11/30 15:00,13320.34259
2018/11/30 18:00,12141.4037
2018/11/30 21:00,14929.04753
2018/12/01 00:00,10776.51111
2018/12/01 03:00,1751.385185
2018/12/01 06:00,26.05925926
2018/12/01 09:00,4106.255556
2018/12/01 12:00,4659.257407
2018/12/01 15:00,7206.351852
2018/12/01 18:00,4953.609259
2018/12/01 21:00,4874.612963
2018/12/02 00:00,7271.748148
2018/12/02 03:00,3560.759259
2018/12/02 06:00,2140.962963
2018/12/02 09:00,5616.907407
2018/12/02 12:00,6784.711111
2018/12/02 15:00,6960.912963
2018/12/02 18:00,6754.355556
2018/12/02 21:00,5910.759259
2018/12/03 00:00,9118.992593
2018/12/03 03:00,2326.759259
2018/12/03 06:00,1814.588889
2018/12/03 09:00,3041.948148
2018/12/03 12:00,4724.018519
2018/12/03 15:00,3918.32963
2018/12/03 18:00,3334.207407
2018/12/03 21:00,3252.640741
2018/12/04 00:00,9234.3
2018/12/04 03:00,2291.814815
2018/12/04 06:00,2219.911111
2018/12/04 09:00,2750.377778
2018/12/04 12:00,3403.77037
2018/12/04 15:00,2609.251852
2018/12/04 18:00,3224.959259
2018/12/04 21:00,3664.262963
2018/12/05 00:00,8149.355556
2018/12/05 03:00,4193.896296
2018/12/05 06:00,3092.407407
2018/12/05 09:00,4511.018519
2018/12/05 12:00,6788.825926
2018/12/05 15:00,4337.414815
2018/12/05 18:00,6254.033333
2018/12/05 21:00,5316.696296
2018/12/06 00:00,12117.2037
2018/12/06 03:00,10739.90741
2018/12/06 06:00,8004.574074
2018/12/06 09:00,12499.03704
2018/12/06 12:00,12961.33889
2018/12/06 15:00,13609.11958
2018/12/06 18:00,12730.91852
2018/12/06 21:00,12718.45556
2018/12/07 00:00,14276
2018/12/07 03:00,10549.72963
2018/12/07 06:00,9147.796296
2018/12/07 09:00,13858.52963
2018/12/07 12:00,12350.63704
2018/12/07 15:00,13011.40741
2018/12/07 18:00,12231.95185
2018/12/07 21:00,13699.7
2018/12/08 00:00,13030.75926
2018/12/08 03:00,10244.72593
2018/12/08 06:00,7857.955556
2018/12/08 09:00,12287.93333
2018/12/08 12:00,12474.32593
2018/12/08 15:00,13383.15615
2018/12/08 18:00,12885.82222
2018/12/08 21:00,15049.1963
2018/12/09 00:00,14342.32222
2018/12/09 03:00,10563.71759
2018/12/09 06:00,8148.496296
2018/12/09 09:00,10356.55185
2018/12/09 12:00,12715.99583
2018/12/09 15:00,12837.40694
2018/12/09 18:00,12944.29198
2018/12/09 21:00,14288.77037
2018/12/10 00:00,13398.44444
2018/12/10 03:00,9991.59537
2018/12/10 06:00,7708.237037
2018/12/10 09:00,11425.3963
2018/12/10 12:00,13340.8963
2018/12/10 15:00,13034.5006
2018/12/10 18:00,14418.44444
2018/12/10 21:00,14669.37778
2018/12/11 00:00,14848.45185
2018/12/11 03:00,10738.35185
2018/12/11 06:00,7383.696296
2018/12/11 09:00,14311.04444
2018/12/11 12:00,15140.86667
2018/12/11 15:00,15169.41852
2018/12/11 18:00,15608.73333
2018/12/11 21:00,16242.13333
2018/12/12 00:00,14593.31111
2018/12/12 03:00,9798
2018/12/12 06:00,8148.081481
2018/12/12 09:00,11866.97778
2018/12/12 12:00,14585.97778
2018/12/12 15:00,14862.82963
2018/12/12 18:00,12646.40741
2018/12/12 21:00,15184.41852
2018/12/13 00:00,13125.68519
2018/12/13 03:00,5258.840741
2018/12/13 06:00,4354.603704
2018/12/13 09:00,4927.144444
2018/12/13 12:00,11401.83333
2018/12/13 15:00,6064.211111
2018/12/13 18:00,5183.188889
2018/12/13 21:00,13961.3
2018/12/14 00:00,13052.35926
2018/12/14 03:00,5398.918519
2018/12/14 06:00,5280.259259
2018/12/14 09:00,8624.581481
2018/12/14 12:00,12110.4037
2018/12/14 15:00,11555.27778
2018/12/14 18:00,14076.72963
2018/12/14 21:00,16317.52963
2018/12/15 00:00,15745.39259
2018/12/15 03:00,7407.044444
2018/12/15 06:00,6391.892593
2018/12/15 09:00,12495.06296
2018/12/15 12:00,15020.24444
2018/12/15 15:00,14126.88889
2018/12/15 18:00,12193.44815
2018/12/15 21:00,14123.57778
2018/12/16 00:00,12871.15185
2018/12/16 03:00,3692.396296
2018/12/16 06:00,4174.503704
2018/12/16 09:00,8218.681481
2018/12/16 12:00,12575.17407
2018/12/16 15:00,11019.96667
2018/12/16 18:00,11401.06296
2018/12/16 21:00,12498.72222
2018/12/17 00:00,12114.24074
2018/12/17 03:00,4917.692593
2018/12/17 06:00,6523.674074
2018/12/17 09:00,11545.54815
2018/12/17 12:00,14213.47407
2018/12/17 15:00,12065.48889
2018/12/17 18:00,13729.35185
2018/12/17 21:00,15797.88704
2018/12/18 00:00,13175.9037
2018/12/18 03:00,6830.922222
2018/12/18 06:00,5566.103704
2018/12/18 09:00,9390.055556
2018/12/18 12:00,12040.81852
2018/12/18 15:00,14302.68148
2018/12/18 18:00,14239.45926
2018/12/18 21:00,16682.3963
2018/12/19 00:00,15325.28889
2018/12/19 03:00,10334.49259
2018/12/19 06:00,4168.307407
2018/12/19 09:00,7514.822222
2018/12/19 12:00,12433.03333
2018/12/19 15:00,11354.58519
2018/12/19 18:00,14853.92593
2018/12/19 21:00,16291.49259
2018/12/20 00:00,16834.95185
2018/12/20 03:00,10799.44815
2018/12/20 06:00,7466.848148
2018/12/20 09:00,12150.92963
2018/12/20 12:00,13399.68148
2018/12/20 15:00,12588.95626
2018/12/20 18:00,13803.75556
2018/12/20 21:00,15073.61111
2018/12/21 00:00,12203.12222
2018/12/21 03:00,5498.177778
2018/12/21 06:00,3527.240741
2018/12/21 09:00,7773.896296
2018/12/21 12:00,12437.8037
2018/12/21 15:00,12261.00741
2018/12/21 18:00,12580.81204
2018/12/21 21:00,16277.42222
2018/12/22 00:00,14008.9963
2018/12/22 03:00,9974.37037
2018/12/22 06:00,5502.007407
2018/12/22 09:00,9299.996296
2018/12/22 12:00,13424.9963
2018/12/22 15:00,13840.40209
2018/12/22 18:00,14352.08148
2018/12/22 21:00,15923.14444
2018/12/23 00:00,14708.95926
2018/12/23 03:00,4708.218519
2018/12/23 06:00,5015.622222
2018/12/23 09:00,13712.85185
2018/12/23 12:00,15554.55185
2018/12/23 15:00,14381.37059
2018/12/23 18:00,15319.92593
2018/12/23 21:00,16169.16667
2018/12/24 00:00,14044.72593
2018/12/24 03:00,9756.248148
2018/12/24 06:00,6285.885185
2018/12/24 09:00,13882.69259
2018/12/24 12:00,13077.13704
2018/12/24 15:00,14835.02222
2018/12/24 18:00,14736.54074
2018/12/24 21:00,15207.75556
2018/12/25 00:00,14252.71111
2018/12/25 03:00,9957.600926
2018/12/25 06:00,7240.685185
2018/12/25 09:00,13758.27778
2018/12/25 12:00,14929.8963
2018/12/25 15:00,14142.87037
2018/12/25 18:00,13865.35556
2018/12/25 21:00,14740.72222
2018/12/26 00:00,15816.82963
2018/12/26 03:00,10551.02963
2018/12/26 06:00,7786.840741
2018/12/26 09:00,14424.17037
2018/12/26 12:00,15221.66296
2018/12/26 15:00,13751.25185
2018/12/26 18:00,13356.12963
2018/12/26 21:00,15249.93704
2018/12/27 00:00,15069.62222
2018/12/27 03:00,9919.797222
2018/12/27 06:00,7782.751852
2018/12/27 09:00,14335.23704
2018/12/27 12:00,14549.32963
2018/12/27 15:00,14051.51481
2018/12/27 18:00,13859.28519
2018/12/27 21:00,15775.73333
2018/12/28 00:00,14438.18519
2018/12/28 03:00,10032.93426
2018/12/28 06:00,6705.2
2018/12/28 09:00,12979.06667
2018/12/28 12:00,14276.38889
2018/12/28 15:00,15009.99259
2018/12/28 18:00,14160.46481
2018/12/28 21:00,15734.92593
2018/12/29 00:00,12555.35185
2018/12/29 03:00,3943.4
2018/12/29 06:00,3792.666667
2018/12/29 09:00,10306.17037
2018/12/29 12:00,12848.02222
2018/12/29 15:00,11691.8963
2018/12/29 18:00,13106.68827
2018/12/29 21:00,16141.92222
2018/12/30 00:00,11298.91481
2018/12/30 03:00,4591.948148
2018/12/30 06:00,3967.425926
2018/12/30 09:00,6524.296296
2018/12/30 12:00,13743.81852
2018/12/30 15:00,12754.7963
2018/12/30 18:00,13544.36975
2018/12/30 21:00,14427.41852
2018/12/31 00:00,11058.07407
2018/12/31 03:00,3904.359259
2018/12/31 06:00,5147.244444
2018/12/31 09:00,11550.41481
2018/12/31 12:00,13803.51111
2018/12/31 15:00,12069.83704
2018/12/31 18:00,13799.28889
2018/12/31 21:00,14520.4
